Workbook

Sheet REKAP
G1: KARTU INVENTARIS RUANGAN | N1: MODEL INV. 6
A3: Kab/Kota | C3: Kota Banjarmasin
A4: Propinsi | C4: Kalimantan Selatan
A5: Satuan Kerja | C5: Badan Kesatuan Bangsa dan Politik Kota Banjarmasin
A6: Ruangan | C6: REKAP
A8: NO.KODE LOKASI :
A9: No. | B9: Nama Barang | D9: Merk/ | E9: No. Seri | F9: Ukuran | G9: Bahan | H9: Tahun | I9: No/. Kode Barang | J9: Jumlah | K9: Harga | L9: Keadaan Barang | O9: Keterangan
A10: Urut | B10: Jenis Barang | D10: Model | E10: Pabrik | H10: Pembuatan | J10: Barang | K10: Beli/ | L10: Baik | M10: Kurang Baik | N10: Rusak Berat | O10: Keterangan
H11: Atau Pembelian | J11: Register x) | K11: Perolehan | L11: (B) | M11: (KB) | N11: (RB)
A12: 1 | B12: 2 | D12: 3 | E12: 4 | F12: 5 | G12: 6 | H12: 7 | I12: 8 | J12: 9 | K12: 10 | L12: 11 | M12: 12 | N12: 13 | O12: 14
A13: 1 | B13: Lemari Besi | D13: BROTHER / - | G13: Besi | H13: 2008 | I13: 02.06.01.04.001 | J13: 0008 | K13: 1730000 | L13: Baik | O13: Ruang Sekretariat
A14: =A13+1 | B14: Lemari Besi | D14: LION / L 33 Swing Door | G14: Besi | H14: 2013 | I14: 02.06.01.04.001 | J14: 0014 | K14: 2820699 | L14: Baik | O14: Ruang Sekretariat
A15: =A14+1 | B15: Lemari Besi | D15: Brother / B-203 | G15: Besi | H15: 2014 | I15: 02.06.01.04.001 | J15: 0016 | K15: 3669674 | L15: Baik | O15: Ruang Sekretariat
A16: =A15+1 | B16: Filling Besi / Metal | D16: BROTHER / - | G16: Besi | H16: 2006 | I16: 02.06.01.04.004 | J16: 0002 | K16: 1220000 | L16: Baik | M16: Di KIB Kurang Baik | O16: Ruang Sekretariat
A17: =A16+1 | B17: Filling Besi / Metal | D17: BROTHER / - | G17: Besi | H17: 2008 | I17: 02.06.01.04.004 | J17: 0003 | K17: 1220000 | L17: Baik | O17: Ruang Sekretariat
A18: =A17+1 | B18: Filling Besi / Metal | D18: Secure Line / - | G18: Besi | H18: 2013 | I18: 02.06.01.04.004 | J18: 0007 | K18: 2880334 | L18: Baik | O18: Ruang Sekretariat
A19: =A18+1 | B19: Filling Besi / Metal | D19: BROTHER / BS - 102 | G19: Besi | H19: 2014 | I19: 02.06.01.04.004 | J19: 0010 | K19: 3292653 | L19: Baik | O19: Ruang Sekretariat
A20: =A19+1 | B20: Filling Besi / Metal | D20: BROTHER / BS - 102 | G20: Besi | H20: 2014 | I20: 02.06.01.04.004 | J20: 0013 | K20: 3292652 | L20: Baik | O20: Ruang Sekretariat
A21: =A20+1 | B21: Kursi Putar | D21: USHUTO / Kursi Kerja 6033 | G21: Besi Plastik | H21: 2013 | I21: 02.06.02.01.030 | J21: 0025 | K21: 486971.68 | L21: Baik | O21: Ruang Sekretariat
A22: =A21+1 | B22: Kursi Putar | D22: USHUTO / Kursi Kerja 6033 | G22: Besi Plastik | H22: 2013 | I22: 02.06.02.01.030 | J22: 0027 | K22: 486971.68 | L22: Baik | O22: Ruang Sekretariat
A23: =A22+1 | B23: Kursi Putar | D23: Indachi/ D 920 | G23: Besi Plastik | H23: 2014 | I23: 02.06.02.01.030 | J23: 0031 | K23: 794180 | L23: Baik | O23: Ruang Kaban
A24: =A23+1 | B24: Kursi Putar | D24: Indachi / D 920 | G24: Besi Plastik | H24: 2014 | I24: 02.06.02.01.030 | J24: 0032 | K24: 794180 | L24: Baik | O24: Ruang Sekretariat
A25: =A24+1 | B25: Kursi Putar | D25: Indachi / D 920 | G25: Besi Plastik | H25: 2014 | I25: 02.06.02.01.030 | J25: 0033 | K25: 794180 | L25: Baik | O25: Ruang Sekretariat
A26: =A25+1 | B26: Kursi Putar | D26: Indachi/ D 920 | G26: Besi Plastik | H26: 2014 | I26: 02.06.02.01.030 | J26: 0038 | K26: 794180 | L26: Baik | O26: Ruang Kaban
A27: =A26+1 | B27: Kursi Putar | D27: Indachi / D 920 | G27: Besi Plastik | H27: 2014 | I27: 02.06.02.01.030 | J27: 0041 | K27: 794180 | L27: Baik | O27: Ruang Sekretariat
A28: =A27+1 | B28: Kursi Rapat | D28: Chitose / Warna Biru | G28: Besi | H28: 2009 | I28: 02.06.02.01.027 | J28: 0002 | K28: 350000 | L28: Baik | O28: Ruang Sekretariat
... A30: =A29+1 | B30: Kursi Rapat | D30: Chitose / Warna Biru | G30: Besi | H30: 2009 | I30: 02.06.02.01.027 | J30: 0005 | K30: 350000 | L30: Baik | O30: Ruang Sekretariat
A31: =A30+1 | B31: Kursi Lipat | D31: MATRIX / - | H31: 2018 | I31: 02.06.02.01.034 | J31: 0007 | K31: 333232 | L31: Baik | O31: Ruang Sekretaris
A32: =A31+1 | B32: Kursi Lipat | D32: MATRIX / - | H32: 2018 | I32: 02.06.02.01.034 | J32: 0008 | K32: 333232 | L32: Baik | O32: Ruang Sekretaris
A33: =A32+1 | B33: Sofa | D33: 3.2.1. In Frame IF 007Hitam/CT Royal 0198/Espresso 0197 | G33: Kulit Hitam | H33: 2013 | I33: 02.06.02.01.049 | J33: 0001 | K33: 9384350.04 | L33: Baik | O33: Ruang Sekretaris
A34: =A33+1 | B34: Sofa | D34: LEXUS / 321 | H34: 2020 | I34: 02.06.02.01.049 | J34: 0002 | K34: 12524430 | L34: Baik | O34: Ruang Kaban
A35: =A34+1 | B35: Lemari Es | D35: Kulkas SHARP/ SJ19BHTB | G35: Besi | H35: 2012 | I35: 02.06.02.04.001 | J35: 0001 | K35: 1975000 | L35: Baik | O35: Ruang Kaban
A36: =A35+1 | B36: AC Unit | D36: Daikin/ FTV25BXV | G36: 1 PK | H36: 2019 | I36: 02.06.02.04.003 | J36: 0014 | K36: 5033356 | L36: Baik | O36: Ruang Kaban
A37: =A36+1 | B37: AC Unit | D37: Daikin/FTV25CXV | H37: 2020 | I37: 02.06.02.04.003 | J37: 0015 | K37: 8165750 | L37: Baik | O37: Ruang Sekretaris
A38: =A37+1 | B38: Televisi | D38: THOSIBA/ 47L2400VJ | G38: Besi Plastik | H38: 2014 | I38: 02.06.02.06.003 | J38: 0005 | K38: 10223684 | L38: Baik | O38: Ruang Kaban
A39: =A38+1 | B39: Televisi | D39: Samsung./ 43n5001 | H39: 2020 | I39: 02.06.02.06.003 | J39: 0006 | K39: =16532240/3 | L39: Baik | O39: Ruang Kaban
A40: =A39+1 | B40: Camera Video | D40: CCTV/UVR SPC 8 CH / KAMERA SPC 2 MP | G40: Besi Plastik | H40: 2019 | I40: 02.06.02.06.021 | J40: 0002 | K40: 4620620 | L40: Baik | O40: Ruang Kaban
A41: =A40+1 | B41: PC Unit | D41: Intel - Casing DE Case-LG Pentium ® G 2020 Asrock HG1-LG LED16 | G41: Besi Plastik | H41: 2013 16 Inci | I41: 02.06.03.02.001 | J41: 0012 | K41: 3922641.5 | L41: Baik | O41: Ruang Sekretariat
A42: =A41+1 | B42: PC Unit | D42: Lenovo / C260 | G42: Besi Plastik | H42: 2015 | I42: 02.06.03.02.001 | J42: 0013 | K42: 6026316 | L42: Baik | O42: Ruang Sekretariat
A43: =A42+1 | B43: PC Unit | D43: Lenovo / 330 -20 GM AIO | G43: Besi Plastik | H43: 2019 | I43: 02.06.03.02.001 | J43: 0020 | K43: 5327418 | L43: Baik | O43: Ruang Sekretariat
A44: =A43+1 | B44: PC Unit | D44: LENOVO V130 / - | G44: Campuran | H44: 2020 | I44: 02.06.03.02.001 | J44: 0021 | K44: 5567960 | L44: Baik | O44: Ruang Sekretariat
A45: =A44+1 | B45: Printer | D45: EPSON / L 120 | G45: Besi Plastik | H45: 2016 | I45: 02.06.03.05.003 | J45: 0024 | K45: 2000000 | L45: Baik | O45: Ruang Sekretariat
A46: =A45+1 | B46: Printer | D46: EPSON / L 120 | G46: Besi Plastik | H46: 2016 | I46: 02.06.03.05.003 | J46: 0025 | K46: 2000000 | L46: Baik | O46: Ruang Sekretariat
A47: =A46+1 | B47: Printer | D47: BROTHER / INKJET MULTIFUNCTION MFC-T4500DW | H47: 2019 | I47: 02.06.03.05.003 | J47: 0030 | K47: 11056905 | L47: Baik | O47: Ruang Sekretariat
A48: =A47+1 | B48: Printer | D48: EPSON / L 3110 | G48: Besi | H48: 2019 | I48: 02.06.03.05.003 | J48: 0031 | K48: 2512933 | L48: Baik | O48: Ruang Sekretariat
A49: =A48+1 | B49: Printer | D49: EPSON / L 3110 | G49: Besi | H49: 2019 | I49: 02.06.03.05.003 | J49: 0032 | K49: 2512933 | L49: Baik | O49: Ruang Sekretariat
A50: =A49+1 | B50: Printer | D50: Epson ECO Tank L3110N /- | G50: Campuran | H50: 2020 | I50: 02.06.03.05.003 | J50: 0033 | K50: 2783950 | L50: Baik | O50: Ruang Sekretaris
A51: =A50+1 | B51: Printer | D51: Epson ECO Tank L3110N /- | H51: 2020 | I51: 02.06.03.05.003 | J51: 0035 | K51: =5516570/2 | L51: Baik | O51: Ruang Sekretariat by Siska
A52: =A51+1 | B52: Meja Kerja Pejabat Eselon II | D52: Zetta MT 301 / Esselon II | G52: Kayu Partikel | H52: 2014 | I52: 02.06.04.01.004 | J52: 0001 | K52: 5780423 | L52: Baik | O52: Ruang Sekretaris
A53: =A52+1 | B53: Meja Kerja Pejabat Eselon II | D53: Zetta MT 301/Esselon II | G53: Kayu Partikel | H53: 2016 | I53: 02.06.04.01.004 | J53: 0002 | K53: 2333333 | L53: Baik | O53: Ruang Kaban
A54: =A53+1 | B54: Meja Kerja Pejabat Lain-lain | D54: EXPO / MT301 | H54: 2020 | I54: 02.06.04.01.009 | J54: 0001 s/d 0008 | K54: 7053750 | L54: Baik | O54: Ruang Sekretariat
A55: =A54+1 | B55: Kursi Kerja Pejabat Eselon III | D55: Tiger T904 Esselon III | G55: Besi Plastik | H55: 2011 | I55: 02.06.04.03.005 | J55: 0006 | K55: 1485000 | L55: Baik | O55: Ruang Sekretaris
A56: =A55+1 | B56: Kursi Kerja Pejabat Eselon III | D56: Tiger T804/ Esselon III | G56: Besi Plastik | H56: 2011 | I56: 02.06.04.03.005 | J56: 0007 | K56: 1485000 | L56: Baik
A57: =A56+1 | B57: Lemari dan Arsip Pejabat Lain-lain | D57: Informa MC Glass Door/Lemari Buku | G57: Kayu Partikel | H57: 2016 | I57: 02.06.04.07.009 | J57: 0001 | K57: 2739.13 | L57: Baik | O57: Ruang Sekretaris
A58: =A57+1
A59: =A58+1
A60: =A59+1
A61: =A60+1
A62: =A61+1
A63: =A62+1
A64: =A63+1
A65: =A64+1
A66: =A65+1
A67: =A66+1
A68: =A67+1
A69: =A68+1
... A76: =A75+1
A87: =A75+1
A88: =A87+1
A89: =A88+1
A90: =A89+1
A91: =A90+1
A92: =A91+1
A93: =A92+1
A94: =A93+1
A95: =#REF!+1
A96: =#REF!+1
A97: =A96+1
A98: =A97+1
A99: =A98+1
A100: =A99+1
A101: =A100+1
A102: =A101+1
A103: =A102+1
A104: =A103+1
A105: =A104+1
A106: =A105+1
A107: =A106+1
A108: =A107+1
... A181: =A180+1
C189: Mengetahui : | L189: Banjarmasin, Desember 2025
C190: Kepala Bakesbangpol Kota Banjarmasin, | L190: Pengurus Barang,
C194: Dr. H. LUKMAN FADLUN, SH, MH | L194: TRISNAWATI M ULYO HAPSARI, SE
C195: Pembina Utama Muda | L195: NIP. 19721124 200604 2 005

Sheet RUANG KABAN
H1: KARTU INVENTARIS RUANGAN | O1: MODEL INV. 6
B2: Kab/Kota | D2: Kota Banjarmasin
B3: Propinsi | D3: Kalimantan Selatan
B4: Satuan Kerja | D4: Badan Kesatuan Bangsa dan Politik Kota Banjarmasin
B5: Ruangan | D5: Kepala Badan
B7: NO.KODE LOKASI :
B8: No. | C8: Nama Barang | E8: Merk/ | F8: No. Seri | G8: Ukuran | H8: Bahan | I8: Tahun | K8: Jumlah | L8: Harga | M8: Keadaan Barang | P8: Keterangan
B9: Urut | C9: Jenis Barang | E9: Model | F9: Pabrik | I9: Pembuatan | J9: No/. Kode Barang | K9: Barang | L9: Beli/ | M9: Baik | N9: Kurang Baik | O9: Rusak Berat | P9: Mutasi dll
I10: Atau Pembelian | K10: Register x) | L10: Perolehan | M10: (B) | N10: (KB) | O10: (RB)
B11: 1 | C11: 2 | E11: 3 | F11: 4 | G11: 5 | H11: 6 | I11: 7 | J11: 8 | K11: 9 | L11: 10 | M11: 11 | N11: 12 | O11: 13 | P11: 14 [Perlu Verifikasi: Tidak ada di BMD 2026]
B12: 1 | C12: Papan Tulis | E12: Merk: Papan Data Stuktur Tipe: 48647 | H12: Papan | I12: 2010 | J12: 02.06.01.05.008 | K12: 0001 | L12: 1350000 | M12: Baik
B13: =B12+1 | C13: Kursi Putar | E13: Merk: Indachi Tipe: 48665 | H13: Besi Plastik | I13: 2014 | J13: 02.06.02.01.030 | K13: 0031 | L13: 794180 | M13: Baik
B14: =B13+1 | C14: Kursi Putar | E14: Merk: Indachi Tipe: 48666 | H14: Besi Plastik | I14: 2014 | J14: 02.06.02.01.030 | K14: 0038 | L14: 794180 | M14: Baik
B15: =B14+1 | C15: Sofa | E15: Merk: LEXUS Tipe: 48786 | I15: 2020 | J15: 02.06.02.01.049 | K15: 0002 | L15: 12524430 | M15: Baik
B16: =B15+1 | C16: Lemari Es | E16: Merk: Kulkas SHARP Tipe: 48682 | H16: Besi | I16: 2012 | J16: 02.06.02.04.001 | K16: 0001 | L16: 1975000 | M16: Baik
B17: =B16+1 | C17: AC Unit | E17: Daikin/ FTV25BXV | H17: 1 PK | I17: 2019 | J17: 02.06.02.04.003 | K17: 0014 | L17: 5033356 | M17: Baik | P17: [Perlu Verifikasi: Tidak ada di BMD 2026]
B18: =B17+1 | C18: Televisi | E18: Merk: THOSIBA Tipe: 48686 | H18: Besi Plastik | I18: 2014 | J18: 02.06.02.06.003 | K18: 0005 | L18: 10223684 | M18: Baik
B19: =B18+1 | C19: Televisi | E19: Merk: Samsung Tipe: 48791 | I19: 2020 | J19: 02.06.02.06.003 | K19: 0006 | L19: =16532240/3 | M19: Baik
B20: =B19+1 | C20: Camera Video | E20: Merk: CCTV Tipe: 48775 | H20: Besi Plastik | I20: 2019 | J20: 02.06.02.06.021 | K20: 0002 | L20: 4620620 | M20: Baik
B21: =B20+1 | C21: Meja Kerja Pejabat Eselon II | E21: Merk: Zetta MT 301 Tipe: 48719 | H21: Kayu Partikel | I21: 2016 | J21: 02.06.04.01.004 | K21: 0002 | L21: 2333333 | M21: Baik
D24: Mengetahui : | M24: Banjarmasin, Desember 2026
D25: Kepala Bakesbangpol Kota Banjarmasin, | M25: Pengurus Barang,
D29: Dr. H. LUKMAN FADLUN, SH, MH | M29: TRISNAWATI M ULYO HAPSARI, SE
D30: Pembina Utama Muda | M30: NIP. 19721124 200604 2 005
D31: NIP. 19691013 200003 1 004

Sheet RUANG SEKRETARIS
G1: KARTU INVENTARIS RUANGAN | N1: MODEL INV. 6
A3: Kab/Kota | C3: Kota Banjarmasin
A4: Propinsi | C4: Kalimantan Selatan
A5: Satuan Kerja | C5: Badan Kesatuan Bangsa dan Politik Kota Banjarmasin
A6: Ruangan | C6: Sekretaris
A8: NO.KODE LOKASI :
A9: No. | B9: Nama Barang | D9: Merk/ | E9: No. Seri | F9: Ukuran | G9: Bahan | H9: Tahun | J9: Jumlah | K9: Harga | L9: Keadaan Barang | O9: Keterangan
A10: Urut | B10: Jenis Barang | D10: Model | E10: Pabrik | H10: Pembuatan | I10: No/. Kode Barang | J10: Barang | K10: Beli/ | L10: Baik | M10: Kurang Baik | N10: Rusak Berat | O10: Mutasi dll
H11: Atau Pembelian | J11: Register x) | K11: Perolehan | L11: (B) | M11: (KB) | N11: (RB)
A12: 1 | B12: 2 | D12: 3 | E12: 4 | F12: 5 | G12: 6 | H12: 7 | I12: 8 | J12: 9 | K12: 10 | L12: 11 | M12: 12 | N12: 13 | O12: 14
A13: 1 | B13: Kursi Lipat | D13: MATRIX / - | H13: 2018 | I13: 02.06.02.01.034 | J13: 0007 | K13: 333232 | L13: Baik
A14: =A13+1 | B14: Kursi Lipat | D14: MATRIX / - | H14: 2018 | I14: 02.06.02.01.034 | J14: 0008 | K14: 333232 | L14: Baik
A15: =A14+1 | B15: Sofa | D15: 3.2.1. In Frame IF 007Hitam/CT Royal 0198/Espresso 0197 | G15: Kulit Hitam | H15: 2013 | I15: 02.06.02.01.049 | J15: 0001 | K15: 9384350 | L15: Baik
A16: =A15+1 | B16: AC Unit | D16: Daikin/FTV25CXV | H16: 2020 | I16: 02.06.02.04.003 | J16: 0015 | K16: 8165750 | L16: Baik
A17: =A16+1 | B17: Printer | D17: Epson ECO Tank L3110N /- | G17: Campuran | H17: 2020 | I17: 02.06.03.05.003 | J17: 0033 | K17: 2783950 | L17: Baik
A18: =A17+1 | B18: Meja Kerja Pejabat Eselon II | D18: Zetta MT 301 / Esselon II | G18: Kayu Partikel | H18: 2014 | I18: 02.06.04.01.004 | J18: 0001 | K18: 5780423 | L18: Baik
A19: =A18+1 | B19: Kursi Kerja Pejabat Eselon III | D19: Tiger T904 Esselon III | G19: Besi Plastik | H19: 2011 | I19: 02.06.04.03.005 | J19: 0006 | K19: 1485000 | L19: Baik
A20: =A19+1 | B20: Lemari dan Arsip Pejabat Lain-lain | D20: Informa MC Glass Door/Lemari Buku | G20: Kayu Partikel | H20: 2016 | I20: 02.06.04.07.009 | J20: 0001 | K20: 2739131 | L20: Baik
C23: Mengetahui : | L23: Banjarmasin, Desember 2025
C24: Kepala Bakesbangpol Kota Banjarmasin, | L24: Pengurus Barang,
C28: Dr. H. LUKMAN FADLUN, SH, MH | L28: TRISNAWATI M ULYO HAPSARI, SE
C29: Pembina Utama Muda | L29: ='RUANG KABAN'!M30
C30: NIP. 19691013 200003 1 004

Sheet RUANG SEKRETARIAT
G1: KARTU INVENTARIS RUANGAN | N1: MODEL INV. 6
A3: Kab/Kota | C3: Kota Banjarmasin
A4: Propinsi | C4: Kalimantan Selatan
A5: Satuan Kerja | C5: Badan Kesatuan Bangsa dan Politik Kota Banjarmasin
A6: Ruangan | C6: SEKRETARIAT
A8: NO.KODE LOKASI :
A9: No. | B9: Nama Barang | D9: Merk/ | E9: No. Seri | F9: Ukuran | G9: Bahan | H9: Tahun | J9: Jumlah | K9: Harga | L9: Keadaan Barang | O9: Keterangan
A10: Urut | B10: Jenis Barang | D10: Model | E10: Pabrik | H10: Pembuatan | I10: No. Kode Barang | J10: Barang | K10: Beli/ | L10: Baik | M10: Kurang Baik | N10: Rusak Berat | O10: Mutasi dll
H11: Atau Pembelian | J11: Register x) | K11: Perolehan | L11: (B) | M11: (KB) | N11: (RB)
A12: 1 | B12: 2 | D12: 3 | E12: 4 | F12: 5 | G12: 6 | H12: 7 | I12: 8 | J12: 9 | K12: 10 | L12: 11 | M12: 12 | N12: 13 | O12: 14
A13: 1 | B13: Lemari Besi | D13: BROTHER / - | G13: Besi | H13: 2008 | I13: 02.06.01.04.001 | J13: 0008 | K13: 1730000 | L13: Baik
A14: =A13+1 | B14: Lemari Besi | D14: LION / L 33 Swing Door | G14: Besi | H14: 2013 | I14: 02.06.01.04.001 | J14: 0014 | K14: 2820699 | L14: Baik
A15: =A14+1 | B15: Lemari Besi | D15: Brother / B-203 | G15: Besi | H15: 2014 | I15: 02.06.01.04.001 | J15: 0016 | K15: 3669674 | L15: Baik
A16: =A15+1 | B16: Filling Besi / Metal | D16: BROTHER / - | G16: Besi | H16: 2006 | I16: 02.06.01.04.004 | J16: 0002 | K16: 1220000 | L16: Baik | M16: Di KIB Kurang Baik
A17: =A16+1 | B17: Filling Besi / Metal | D17: BROTHER / - | G17: Besi | H17: 2008 | I17: 02.06.01.04.004 | J17: 0003 | K17: 1220000 | L17: Baik
A18: =A17+1 | B18: Filling Besi / Metal | D18: Secure Line / - | G18: Besi | H18: 2013 | I18: 02.06.01.04.004 | J18: 0007 | K18: 2880334 | L18: Baik
A19: =A18+1 | B19: Filling Besi / Metal | D19: BROTHER / BS - 102 | G19: Besi | H19: 2014 | I19: 02.06.01.04.004 | J19: 0010 | K19: 3292653 | L19: Baik
A20: =A19+1 | B20: Filling Besi / Metal | D20: BROTHER / BS - 102 | G20: Besi | H20: 2014 | I20: 02.06.01.04.004 | J20: 0013 | K20: 3292652 | L20: Baik
A21: =A20+1 | B21: Kursi Putar | D21: USHUTO / Kursi Kerja 6033 | G21: Besi Plastik | H21: 2013 | I21: 02.06.02.01.030 | J21: 0025 | K21: 486971.68 | L21: Baik
A22: =A21+1 | B22: Kursi Putar | D22: USHUTO / Kursi Kerja 6033 | G22: Besi Plastik | H22: 2013 | I22: 02.06.02.01.030 | J22: 0027 | K22: 486971.68 | L22: Baik
A23: =A22+1 | B23: Kursi Putar | D23: Indachi / D 920 | G23: Besi Plastik | H23: 2014 | I23: 02.06.02.01.030 | J23: 0032 | K23: 794180 | L23: Baik
A24: =A23+1 | B24: Kursi Putar | D24: Indachi / D 920 | G24: Besi Plastik | H24: 2014 | I24: 02.06.02.01.030 | J24: 0033 | K24: 794180 | L24: Baik
A25: =A24+1 | B25: Kursi Putar | D25: Indachi / D 920 | G25: Besi Plastik | H25: 2014 | I25: 02.06.02.01.030 | J25: 0041 | K25: 794180 | L25: Baik
A26: =A25+1 | B26: Kursi Rapat | D26: Chitose / Warna Biru | G26: Besi | H26: 2009 | I26: 02.06.02.01.027 | J26: 0002 | K26: 350000 | L26: Baik
A27: =A26+1 | B27: Kursi Rapat | D27: Chitose / Warna Biru | G27: Besi | H27: 2009 | I27: 02.06.02.01.027 | J27: 0004 | K27: 350000 | L27: Baik
A28: =A27+1 | B28: Kursi Rapat | D28: Chitose / Warna Biru | G28: Besi | H28: 2009 | I28: 02.06.02.01.027 | J28: 0005 | K28: 350000 | L28: Baik
A29: =A28+1 | B29: PC Unit | D29: Intel - Casing DE Case-LG Pentium ® G 2020 Asrock HG1-LG LED16 | G29: Besi Plastik | H29: 2013 16 Inci | I29: 02.06.03.02.001 | J29: 0017 | K29: 3922641.5 | L29: Baik
A30: =A29+1 | B30: PC Unit | D30: Lenovo / C260 | G30: Besi Plastik | H30: 2015 | I30: 02.06.03.02.001 | J30: 0013 | K30: 6026316 | L30: Baik
A38: No. | B38: Nama Barang | D38: Merk/ | E38: No. Seri | F38: Ukuran | G38: Bahan | H38: Tahun | J38: Jumlah | K38: Harga | L38: Keadaan Barang | O38: Keterangan
A39: Urut | B39: Jenis Barang | D39: Model | E39: Pabrik | H39: Pembuatan | I39: No. Kode Barang | J39: Barang | K39: Beli/ | L39: Baik | M39: Kurang Baik | N39: Rusak Berat | O39: Mutasi dll
H40: Atau Pembelian | J40: Register x) | K40: Perolehan | L40: (B) | M40: (KB) | N40: (RB)
A41: 1 | B41: 2 | D41: 3 | E41: 4 | F41: 5 | G41: 6 | H41: 7 | I41: 8 | J41: 9 | K41: 10 | L41: 11 | M41: 12 | N41: 13 | O41: 14
A42: =A30+1 | B42: PC Unit | D42: Lenovo / 330 -201 GM AIO | G42: Besi Plastik | H42: 2019 | I42: 02.06.03.02.001 | J42: 0018 | K42: 5327418 | L42: Baik | O42: Ibu TAty
A43: =A42+1 | B43: PC Unit | D43: Lenovo / 330 -201 GM AIO | G43: Besi Plastik | H43: 2019 | I43: 02.06.03.02.001 | J43: 0019 | K43: 5327418 | L43: Baik | O43: Indra H
A44: =A43+1 | B44: PC Unit | D44: Lenovo / 330 -201 GM AIO | G44: Besi Plastik | H44: 2019 | I44: 02.06.03.02.001 | J44: 0020 | K44: 5327418 | L44: Baik | O44: Rosy
A45: =A44+1 | B45: PC Unit | D45: LENOVO V130 / - | G45: Campuran | H45: 2020 | I45: 02.06.03.02.001 | J45: 0021 | K45: 5567960 | L45: Baik | O45: Indra A
A46: =A45+1 | B46: Printer | D46: EPSON / L 360 | G46: Besi Plastik | H46: 2016 | I46: 02.06.03.05.003 | J46: 0021 | K46: 3142612 | L46: Baik | O46: Ibu Taty
A47: =A46+1 | B47: Printer | D47: EPSON / L 120 | G47: Besi Plastik | H47: 2016 | I47: 02.06.03.05.003 | J47: 0024 | K47: 2000000 | L47: Baik | O47: Yanti
A48: =A47+1 | B48: Printer | D48: EPSON / L 120 | G48: Besi Plastik | H48: 2016 | I48: 02.06.03.05.003 | J48: 0025 | K48: 2000000 | L48: Baik | O48: Roisy
A49: =A48+1 | B49: Printer | D49: EPSON / L 3110 | G49: Besi | H49: 2019 | I49: 02.06.03.05.003 | J49: 0030 | K49: 2512933 | L49: Baik | O49: Indra A
A50: =A49+1 | B50: Printer | D50: BROTHER / INKJET MULTIFUNCTION MFC-T4500DW | H50: 2019 | I50: 02.06.03.05.003 | J50: 0031 | K50: 11056905 | L50: Baik | O50: Operasional
A51: =A50+1 | B51: Printer | D51: EPSON / L 3110 | G51: Besi | H51: 2019 | I51: 02.06.03.05.003 | J51: 0032 | K51: 2512933 | L51: Baik | O51: Indra H
A52: =A51+1 | B52: Printer | D52: Epson ECO Tank L3110N /- | H52: 2020 | I52: 02.06.03.05.003 | J52: 0035 | K52: =5516570/2 | L52: Baik | O52: Siska
A53: =A52+1 | B53: Meja Kerja Pejabat Lain-lain | D53: EXPO / MT301 | H53: 2020 | I53: 02.06.04.01.009 | J53: 0001 | K53: 7053750 | L53: Baik | O53: Indra A
A54: =A53+1 | B54: Meja Kerja Pejabat Lain-lain | D54: EXPO / MT301 | H54: 2020 | I54: 02.06.04.01.009 | J54: 0002 | K54: 7053750 | L54: Baik | O54: Ex Atan
A55: =A54+1 | B55: Meja Kerja Pejabat Lain-lain | D55: EXPO / MT301 | H55: 2020 | I55: 02.06.04.01.009 | J55: 0003 | K55: 7053750 | L55: Baik | O55: Yanti
A56: =A55+1 | B56: Meja Kerja Pejabat Lain-lain | D56: EXPO / MT301 | H56: 2020 | I56: 02.06.04.01.009 | J56: 0004 | K56: 7053750 | L56: Baik | O56: Siska
A57: =A56+1 | B57: Meja Kerja Pejabat Lain-lain | D57: EXPO / MT301 | H57: 2020 | I57: 02.06.04.01.009 | J57: 0005 | K57: 7053750 | L57: Baik | O57: Ibu Tay
A58: =A57+1 | B58: Meja Kerja Pejabat Lain-lain | D58: EXPO / MT301 | H58: 2020 | I58: 02.06.04.01.009 | J58: 0006 | K58: 7053750 | L58: Baik | O58: Rosy
A59: =A58+1 | B59: Meja Kerja Pejabat Lain-lain | D59: EXPO / MT301 | H59: 2020 | I59: 02.06.04.01.009 | J59: 0007 | K59: 7053750 | L59: Baik | O59: Indra H
A60: 37 | B60: Meja Kerja Pejabat Lain-lain | D60: EXPO / MT301 | H60: 2020 | I60: 02.06.04.01.009 | J60: 0008 | K60: 7053750 | L60: Baik | O60: Samping Bu Tay
A61: 38 | B61: Meja Komputer | D61: Olympic/ - | G61: Serbuk Kayu | H61: 2006 | I61: 02.06.02.01.037 | J61: 0003 | K61: 154000 | L61: Baik | O61: Rosy
C63: Mengetahui : | L63: Banjarmasin, Desember 2025
C65: Kepala Bakesbangpol Kota Banjarmasin, | L65: Pengurus Barang,
C69: Dr. H. LUKMAN FADLUN, SH, MH | L69: TRISNAWATI M ULYO HAPSARI, SE
C70: Pembina Utama Muda | L70: ='RUANG KABAN'!M30
C71: NIP. 19691013 200003 1 004

Sheet RUANG KASUBBAG KEUANGAN
G1: KARTU INVENTARIS RUANGAN | N1: MODEL INV. 6
A3: Kab/Kota | C3: Kota Banjarmasin
A4: Propinsi | C4: Kalimantan Selatan
A5: Satuan Kerja | C5: Badan Kesatuan Bangsa dan Politik Kota Banjarmasin
A6: Ruangan | C6: Kasubbag Keuangan
A8: NO.KODE LOKASI :
A9: No. | B9: Nama Barang | D9: Merk/ | E9: No. Seri | F9: Ukuran | G9: Bahan | H9: Tahun | J9: Jumlah | K9: Harga | L9: Keadaan Barang | O9: Keterangan
A10: Urut | B10: Jenis Barang | D10: Model | E10: Pabrik | H10: Pembuatan | I10: No. Kode Barang | J10: Barang | K10: Beli/ | L10: Baik | M10: Kurang Baik | N10: Rusak Berat | O10: Mutasi dll
H11: Atau Pembelian | J11: Register x) | K11: Perolehan | L11: (B) | M11: (KB) | N11: (RB)
A12: 1 | B12: 2 | D12: 3 | E12: 4 | F12: 5 | G12: 6 | H12: 7 | I12: 8 | J12: 9 | K12: 10 | L12: 11 | M12: 12 | N12: 13 | O12: 14
A13: 1 | B13: Lemari Besi | D13: Lion / Brangkas | G13: Besi | H13: 2000 | I13: 02/06.01.04.001 | J13: 0007 | K13: 5190000 | L13: Baik
A14: =A13+1 | B14: Lemari Kaca | D14: Brother / Besi Kaca | G14: Besi Kaca | H14: 2006 | I14: 02.06.01.04.012 | J14: 0001 | K14: 1820000 | L14: Baik
A15: =A14+1 | B15: Lemari Kayu | D15: Brother / 4 Rak | G15: Kayu Partikel | H15: 2006 | I15: 02.06.01.04.014 | J15: 0001 | K15: 250000 | L15: Baik
A16: =A15+1 | B16: Kursi Lipat | D16: MATRIX / - | H16: 2018 | I16: 02.06.02.01.034 | J16: 0002 | K16: 333232 | L16: Baik
A17: =A16+1 | B17: AC Unit | D17: DAIKIN/FTNE25JEV14 | I17: 02.05.02.04.002
A18: =A17+1 | B18: Dispenser | D18: Toshiba / RWFW1830 | H18: 2020 | I18: 02.06.02.06.039 | J18: 0002 | K18: =8917390/2 | L18: Baik
A19: =A18+1 | B19: Kursi Kerja Pejabat Eselon IV | D19: Indachi D 821 CR/Kursi Kerja Staf | G19: Kayu Partikel | H19: 2016 | I19: 02.06.04.03.006 | J19: 0008 | K19: 2181159 | L19: Baik
A20: =A19+1 | B20: Meja Kerja Pejabat Eselon IV | D20: Pro Design/Meja Kerja VPM 120 | G20: Kayu Partikel | H20: 2010 | I20: 02.06.04.01.006 | J20: 0021 | K20: 593750 | L20: Baik
C23: Mengetahui : | L23: Banjarmasin, Desember 2025
C25: Kepala Bakesbangpol Kota Banjarmasin, | L25: Pengurus Barang,
C29: Dr. H. LUKMAN FADLUN, SH, MH | L29: TRISNAWATI M ULYO HAPSARI, SE
C30: Pembina Utama Muda | L30: ='RUANG KABAN'!M30
C31: NIP. 19691013 200003 1 004

Sheet RUANG KASUBBAG UMPEG
G1: KARTU INVENTARIS RUANGAN | N1: MODEL INV. 6
A3: Kab/Kota | C3: Kota Banjarmasin
A4: Propinsi | C4: Kalimantan Selatan
A5: Satuan Kerja | C5: Badan Kesatuan Bangsa dan Politik Kota Banjarmasin
A6: Ruangan | C6: Kasubbag Umum dan Kepegawaian
A8: NO.KODE LOKASI :
A9: No. | B9: Nama Barang | D9: Merk/ | E9: No. Seri | F9: Ukuran | G9: Bahan | H9: Tahun | J9: Jumlah | K9: Harga | L9: Keadaan Barang | O9: Keterangan
A10: Urut | B10: Jenis Barang | D10: Model | E10: Pabrik | H10: Pembuatan | I10: No. Kode Barang | J10: Barang | K10: Beli/ | L10: Baik | M10: Kurang Baik | N10: Rusak Berat | O10: Mutasi dll
H11: Atau Pembelian | J11: Register x) | K11: Perolehan | L11: (B) | M11: (KB) | N11: (RB)
A12: 1 | B12: 2 | D12: 3 | E12: 4 | F12: 5 | G12: 6 | H12: 7 | I12: 8 | J12: 9 | K12: 10 | L12: 11 | M12: 12 | N12: 13 | O12: 14
A13: 1 | B13: Lemari Besi | D13: KRISBROW / KW 17 - 195 | G13: Besi | H13: 2012 | I13: 02.06.01.04.001 | J13: 0011 | K13: 3400000 | L13: Baik
A14: =A13+1 | B14: Filling Besi / Metal | D14: Secure Line /- | G14: Besi | H14: 2013 | I14: 02.06.01.04.004 | J14: 0009 | K14: 2880334 | L14: Baik
A15: =A14+1 | B15: Filling Besi / Metal | D15: BROTHER / BS-102 | G15: Besi | H15: 2014 | I15: 02.06.01.04.004 | J15: 0011 | K15: 3292653 | L15: Baik
A16: =A15+1 | B16: Lemari Kayu | D16: Big Panel / 4 Rak | G16: Kayu Partikel | H16: 2010 | I16: 02.06.01.04.014 | J16: 0002 | K16: 396000 | L16: Baik | O16: sudah dipindahkan
A17: =A16+1 | B17: Kursi Putar | D17: Indachi D 920 | G17: Besi Plastik | H17: 2014 | I17: 02.06.02.01.030 | J17: 0045 | K17: 1588358 | L17: Baik
A18: =A17+1 | B18: Kursi Lipat | D18: MATRIX / - | H18: 2018 | I18: 02.06.02.01.034 | J18: 0003 | K18: 333232 | L18: Baik
A19: =A18+1 | B19: AC Unit | D19: Daikin/ FTNE25MV | H19: 2018 1 PK | I19: 02.06.02.04.003 | J19: 0013 | K19: 5009175 | L19: Baik
A20: =A19+1 | B20: Printer | D20: EPSON /L360 | H20: 2018 | I20: 02.06.03.05.003 | J20: 0029 | K20: 2428691 | L20: Baik
A21: =A20+1 | B21: Meja Kerja Pejabat Eselon IV | D21: ZETTA / MT201 | H21: 2019 | I21: 02.06.04.01.006 | J21: 0040 | K21: 2245000 | L21: Baik
C24: Mengetahui : | L24: Banjarmasin, Desember 2025
C25: Kepala Bakesbangpol Kota Banjarmasin, | L25: Pengurus Barang,
C29: Dr. H. LUKMAN FADLUN, SH, MH | L29: TRISNAWATI M ULYO HAPSARI, SE
C30: Pembina Utama Muda | L30: ='RUANG KABAN'!M30
C31: NIP. 19691013 200003 1 004

Sheet RUANG KASUBBAG SUNRAM
G1: KARTU INVENTARIS RUANGAN | N1: MODEL INV. 6
A3: Kab/Kota | C3: Kota Banjarmasin
A4: Propinsi | C4: Kalimantan Selatan
A5: Satuan Kerja | C5: Badan Kesatuan Bangsa dan Politik Kota Banjarmasin
A6: Ruangan | C6: Kasubbag Penyusunan Program
A8: NO.KODE LOKASI :
A9: No. | B9: Nama Barang | D9: Merk/ | E9: No. Seri | F9: Ukuran | G9: Bahan | H9: Tahun | J9: Jumlah | K9: Harga | L9: Keadaan Barang | O9: Keterangan
A10: Urut | B10: Jenis Barang | D10: Model | E10: Pabrik | H10: Pembuatan | I10: No. Kode Barang | J10: Barang | K10: Beli/ | L10: Baik | M10: Kurang Baik | N10: Rusak Berat | O10: Mutasi dll
H11: Atau Pembelian | J11: Register x) | K11: Perolehan | L11: (B) | M11: (KB) | N11: (RB)
A12: 1 | B12: 2 | D12: 3 | E12: 4 | F12: 5 | G12: 6 | H12: 7 | I12: 8 | J12: 9 | K12: 10 | L12: 11 | M12: 12 | N12: 13 | O12: 14
A13: 1 | B13: Filling Besi / Metal | D13: Secure Line /- | G13: Besi | H13: 2013 | I13: 02.06.01.04.004 | J13: 0008 | K13: 2880334 | L13: Baik
A14: =A13+1 | B14: Lemari Kaca | D14: Brother / Besi Kaca 8304 | G14: Besi Kaca | H14: 2014 | I14: 02.06.01.04.012 | J14: 0002 | K14: 3050000 | L14: Baik
A15: =A14+1 | B15: Kursi Lipat | D15: MATRIX/- | H15: 2018 | I15: 02.06.02.01.034 | J15: 0001 | K15: 333232 | L15: Baik
A16: =A15+1 | B16: AC Unit | D16: Samsung/AR09 HCFSTWKNSE | G16: Besi Plastik 1 PK | H16: 2014 | I16: 02.06.02.04.003 | J16: 0008 | K16: 4916358 | L16: Baik
A17: =A16+1 | B17: Meja Kerja Pejabat Eselon III | D17: ZETTA/MT-201 / Esselon III | G17: Kayu Partikel | H17: 2017 | I17: 02.06.04.01.005 | J17: 0006 | K17: 2284351 | L17: Baik
A18: =A17+1 | B18: Kursi Kerja Pejabat Eselon III | D18: INDACHI / 741 CR | G18: Besi Plastik | H18: 2011 | I18: 02.06.04.03.005 | J18: 0007 | K18: 1485000 | L18: Baik
C21: Mengetahui : | L21: Banjarmasin, Desember 2025
C23: Kepala Bakesbangpol Kota Banjarmasin, | L23: Pengurus Barang,
C27: Dr. H. LUKMAN FADLUN, SH, MH | L27: TRISNAWATI M ULYO HAPSARI, SE
C28: Pembina Utama Muda | L28: ='RUANG SEKRETARIS'!L29
C29: NIP. 19691013 200003 1 004

Sheet RUANG SELASAR
G1: KARTU INVENTARIS RUANGAN | N1: MODEL INV. 6
A3: Kab/Kota | C3: Kota Banjarmasin
A4: Propinsi | C4: Kalimantan Selatan
A5: Satuan Kerja | C5: Badan Kesatuan Bangsa dan Politik Kota Banjarmasin
A6: Ruangan | C6: SELASAR
A8: NO.KODE LOKASI :
A9: No. | B9: Nama Barang | D9: Merk/ | E9: No. Seri | F9: Ukuran | G9: Bahan | H9: Tahun | J9: Jumlah | K9: Harga | L9: Keadaan Barang | O9: Keterangan
A10: Urut | B10: Jenis Barang | D10: Model | E10: Pabrik | H10: Pembuatan | I10: No. Kode Barang | J10: Barang | K10: Beli/ | L10: Baik | M10: Kurang Baik | N10: Rusak Berat | O10: Mutasi dll
H11: Atau Pembelian | J11: Register x) | K11: Perolehan | L11: (B) | M11: (KB) | N11: (RB)
A12: 1 | B12: 2 | D12: 3 | E12: 4 | F12: 5 | G12: 6 | H12: 7 | I12: 8 | J12: 9 | K12: 10 | L12: 11 | M12: 12 | N12: 13 | O12: 14
A13: 1 | B13: Lemari Besi | D13: Platinum / Alba - | G13: Besi | H13: 1992 | I13: 02.06.01.04.001 | J13: 0001 | K13: 1225000 | M13: Kurang Baik
A14: =A13+1 | B14: Lemari Besi | D14: Brother / - | G14: Besi | H14: 1992 | I14: 02.06.01.04.001 | J14: 0002 | K14: 1225000 | M14: Kurang Baik
A15: =A14+1 | B15: Lemari Besi | D15: Brother / - | G15: Besi | H15: 1994 | I15: 02.06.01.04.001 | J15: 0004 | K15: 1225000 | M15: Kurang Baik
A16: =A15+1 | B16: Lemari Besi | D16: Lion / - | G16: Besi | H16: 2009 | I16: 02.06.01.04.001 | J16: 0010 | K16: 2500000 | L16: Baik
A17: =A16+1 | B17: Lemari Besi | D17: Brother / B 203 | G17: Besi | H17: 2014 | I17: 02.06.01.04.001 | J17: 0015 | K17: 3669674 | L17: Baik
A18: =A17+1 | B18: Lemari Kayu | D18: Buatan Lokal / Kayu Kaca | G18: Kayu Kaca | H18: 2010 | I18: 02.06.01.04.014 | J18: 0004 | K18: 900000 | L18: Baik
A19: =A18+1 | B19: Lemari Kayu | D19: SAGA RB 2800/ Lemari Buku | G19: Kayu Partikel | H19: 2011 | I19: 02.06.01.04.014 | J19: 0006 | K19: 892500 | L19: Baik
A20: =A19+1 | B20: Mesin Absensi | D20: MBIO / MB 007c | G20: Besi Plastik | H20: 2019 | I20: 02.06.01.05.017 | J20: 0002 | K20: 4630687 | L20: Baik
A21: =A20+1 | B21: PC Unit | D21: Intel - Casing DE Case-LG / Pentium ® G 2020Asrock HGI-LG LED 16 | G21: Besi Plastik | H21: 2013 | I21: 02.06.03.02.001 | J21: 0011 | K21: 3922641.5 | L21: Baik
A22: =A21+1 | B22: Meja Kerja Pejabat Eselon IV | D22: SAGA / Meja Kerja | G22: Kayu Partikel | H22: 2009 | I22: 02.06.04.01.006 | J22: 0016 | K22: 400000 | L22: Baik
A23: =A22+1 | B23: Kursi Kerja Pejabat Eselon IV | D23: BROTHER BG 510 AN / Kursi Kerja | G23: Kayu Partikel | H23: 2017 | I23: 02.06.04.03.006 | J23: 0010 | K23: 1066031 | L23: Baik
C25: Mengetahui : | L25: Banjarmasin, Desember 2025
C27: Kepala Bakesbangpol Kota Banjarmasin, | L27: Pengurus Barang,
C31: Dr. H. LUKMAN FADLUN, SH, MH | L31: TRISNAWATI M ULYO HAPSARI, SE
C32: Pembina Utama Muda | L32: NIP. 19721124 200604 2 005
C33: NIP. 19691013 200003 1 004

Sheet RUANG RAPAT
G1: KARTU INVENTARIS RUANGAN | N1: MODEL INV. 6
A2: Kab/Kota | C2: Kota Banjarmasin
A3: Propinsi | C3: Kalimantan Selatan
A4: Satuan Kerja | C4: Badan Kesatuan Bangsa dan Politik Kota Banjarmasin
A5: Ruangan | C5: RAPAT
A7: NO.KODE LOKASI :
A8: No. | B8: Nama Barang | D8: Merk/ | E8: No. Seri | F8: Ukuran | G8: Bahan | H8: Tahun | J8: Jumlah | K8: Harga | L8: Keadaan Barang | O8: Keterangan
A9: Urut | B9: Jenis Barang | D9: Model | E9: Pabrik | H9: Pembuatan | I9: No. Kode Barang | J9: Barang | K9: Beli/ | L9: Baik | M9: Kurang Baik | N9: Rusak Berat | O9: Mutasi dll
H10: Atau Pembelian | J10: Register x) | K10: Perolehan | L10: (B) | M10: (KB) | N10: (RB)
A11: 1 | B11: 2 | D11: 3 | E11: 4 | F11: 5 | G11: 6 | H11: 7 | I11: 8 | J11: 9 | K11: 10 | L11: 11 | M11: 12 | N11: 13 | O11: 14
A12: 1 | B12: Lemari Kayu | D12: Lokal / Hand Made | G12: Kayu/ Playwood | H12: 2020 | I12: 02.06.02.01.001 | J12: 0001 | K12: 84403000 | L12: Baik
A13: =A12+1 | B13: AC Unit | D13: Daikin / FTNE25JEV14 | G13: Besi Plastik | H13: 2016 1 PK | I13: 02.06.02.04.003 | J13: 0012 | K13: =5000000/2 | L13: Baik
A14: =A13+1 | B14: AC Unit | D14: Daikin / FTV25CXV | H14: 2020 | I14: 02.06.02.04.003 | J14: 0016 | K14: =32663710/4 | L14: Baik
A15: =A14+1 | B15: Televisi | D15: Samsung./ 43n5001 | H15: 2020 | I15: 02.06.02.06.003 | J15: 0007 | K15: =16532240/3 | L15: Baik
A16: =A15+1 | B16: Sound System | D16: Soundqueen/ SK210 | H16: 2020 | I16: 02.06.02.06.008 | J16: 0002 s/d 0003 | K16: 7013680 | L16: Baik
A17: =A16+1 | B17: Meja Rapat Pejabat Lain-Lain | D17: GALANT / - | H17: 2020 | I17: 02.06.04.02.14 | J17: 0001 | K17: 4125800 | L17: Baik
A18: =A17+1 | B18: Kursi Rapat | D18: Indachi / D 910 | G18: Besi dan Plastik | H18: 2014 | I18: 02.06.02.01.027 | J18: 0010 | K18: 743915 | L18: Baik
A19: =A18+1 | B19: Kursi Rapat | D19: Indachi / D 910 | G19: Besi dan Plastik | H19: 2014 | I19: 02.06.02.01.027 | J19: 0012 | K19: 743915 | L19: Baik
A20: =A19+1 | B20: Kursi Rapat | D20: Indachi / D 910 | G20: Besi dan Plastik | H20: 2014 | I20: 02.06.02.01.027 | K20: 743915 | L20: Baik
A21: =A20+1 | B21: Kursi Putar | D21: USHUTO / Kursi Kerja 6033 | G21: Besi Plastik | H21: 2013 | I21: 02.06.02.01.030 | J21: 0026 | K21: 486971.68 | L21: Baik
A22: =A21+1 | B22: Kursi Putar | D22: Indachi / D 920 | G22: Besi Plastik | H22: 2014 | I22: 02.06.02.01.030 | J22: 0034 | K22: 794179 | L22: Baik
A23: =A22+1 | B23: Kursi Putar | D23: Indachi / D 920 | G23: Besi Plastik | H23: 2014 | I23: 02.06.02.01.030 | J23: 0039 | K23: 794179 | L23: Baik
A24: =A23+1 | B24: Kursi Putar | D24: Indachi / D 920 | G24: Besi Plastik | H24: 2014 | I24: 02.06.02.01.030 | J24: 0040 | K24: 794179 | L24: Baik
A25: =A24+1 | B25: Kursi Putar | D25: Indachi / D 920 | G25: Besi Plastik | H25: 2014 | I25: 02.06.02.01.030 | J25: 0043 | K25: 794179 | L25: Baik
A26: =A25+1 | B26: Kursi Putar | D26: Indachi / D 920 | G26: Besi Plastik | H26: 2014 | I26: 02.06.02.01.030 | J26: 0044 | K26: 794179 | L26: Baik | O26: barang sudah dipindahkan
A27: =A26+1 | B27: Kursi Putar | D27: Indachi / D 920 | G27: Besi Plastik | H27: 2014 | I27: 02.06.02.01.030 | K27: 794179 | L27: Baik
A28: =A27+1 | B28: Kursi Kerja Pejabat Eselon IV | D28: Tiger T98 AH / Esselon IV | G28: Besi Plastik | H28: 2011 | I28: 02.06.04.03.006 | J28: 0004 | K28: 1755000 | L28: Baik
A29: =A28+1 | B29: Kursi Kerja Pejabat Eselon IV | D29: BROTHER BG 510 An / Kursi Kerja | G29: Kayu Partikel | H29: 2017 | I29: 02.06.04.03.006 | J29: 0009 | K29: 1066031 | L29: Baik
A30: =A29+1 | B30: Kursi Rapat Pejabat Lain-lain | D30: Matrix KSS-01 /- | H30: 2020 | I30: 02.06.04.04.008 | J30: 0001 s/d 0030 | K30: 9468480 | L30: Baik
A31: =A30+1 | B31: Proyektor + Attachment | D31: INFOCUS / INI24STX | G31: Besi Plastik | H31: 2019 | I31: 02.07.01.01.003 | J31: 0002 | K31: 15090000 | L31: Baik | O31: barang dipinjam bidang
A32: 21 | B32: Filling kabinet | D32: BROTHER | G32: Besi | H32: 2014 | I32: 02.06.01.04.004 | J32: 0013 | L32: Baik
C33: Mengetahui : | L33: Banjarmasin, Dersember 2025
C35: Kepala Bakesbangpol Kota Banjarmasin, | L35: Pengurus Barang
C39: Dr. H. LUKMAN FADLUN, SH, MH | L39: TRISNAWATI M ULYO HAPSARI, SE
C40: Pembina Utama Muda | L40: ='RUANG KASUBBAG KEUANGAN'!L30
C41: NIP. 19691013 200003 1 004

Sheet RUANG PELAYANAN
G1: KARTU INVENTARIS RUANGAN | N1: MODEL INV. 6
A3: Kab/Kota | C3: Kota Banjarmasin
A4: Propinsi | C4: Kalimantan Selatan
A5: Satuan Kerja | C5: Badan Kesatuan Bangsa dan Politik Kota Banjarmasin
A6: Ruangan | C6: PELAYANAN
A8: NO.KODE LOKASI :
A9: No. | B9: Nama Barang | D9: Merk/ | E9: No. Seri | H9: Tahun | I9: No. Kode Barang | J9: Jumlah | K9: Harga | L9: Keadaan Barang | O9: Keterangan
A10: Urut | B10: Jenis Barang | D10: Model | E10: Pabrik | F10: Ukuran | G10: Bahan | H10: Pembuatan | J10: Barang | K10: Beli/ | L10: Baik | M10: Kurang Baik | N10: Rusak Berat | O10: Mutasi dll
H11: Atau Pembelian | J11: Register x) | K11: Perolehan | L11: (B) | M11: (KB) | N11: (RB)
A12: 1 | B12: 2 | D12: 3 | E12: 4 | F12: 5 | G12: 6 | H12: 7 | I12: 8 | J12: 9 | K12: 10 | L12: 11 | M12: 12 | N12: 13 | O12: 14
A13: 1 | B13: Kursi Besi / Metal | D13: -/Warna Cream | G13: Besi | H13: 1997 | I13: 02.06.02.01.005 | J13: 0002 | K13: 148648.5 | L13: Baik
A14: =A13+1 | B14: Meja Panjang | D14: Lokal / Handmade | G14: Kayu | H14: 2020 | I14: 02.06.02.01.009 | J14: 0001 | K14: 5860000 | L14: Baik
A15: =A14+1 | B15: Meja Reception | D15: Lokal / Handmade | G15: Kayu / Plywood | H15: 2020 | I15: 02.06.02.01.017 | J15: 0001 | K15: 24337500 | L15: Baik
A16: =A15+1 | B16: Kursi Tamu | D16: Lokal / Handmade | G16: Kayu | H16: 2020 | I16: 02.06.02.01.019 | J16: 0003 | K16: 15628800 | L16: Baik
A17: =A16+1 | B17: Kursi rapat | D17: Indachi / D910 | G17: Besi dan Plastik | H17: 2014 | I17: 02.06.02.01.027 | J17: 0011 | K17: 743915 | L17: Baik | O17: Barang sudah dipindahkan
A18: =A17+1 | B18: Kursi Putar | D18: Indachi / D920 | G18: Besi Plastik | H18: 2014 | I18: 02.06.02.01.030 | J18: 0037 | K18: 794180 | L18: Baik
A19: =A18+1 | B19: AC Unit | D19: Daikin / FTV25CXV | H19: 2020 | I19: 02.06.02.04.003 | J19: 0017 | K19: 8165927.5 | L19: Baik
A20: =A19+1 | B20: Televisi | D20: Samsung./ 43n5001 | H20: 2020 | I20: 02.06.02.06.003 | J20: 0006 | K20: 5510746.7 | L20: Baik
A21: =A20+1 | B21: Dispenser | D21: Toshiba / RWFW1830 | H21: 2020 | I21: 02.06.02.06.039 | J21: 0003 | K21: 4458695 | L21: Baik
A22: =A21+1 | B22: PC Unit | D22: Lenovo / C260 | G22: Besi Plastik | H22: 2017 | I22: 02.06.03.02.001 | J22: 0016 | K22: 6976243 | L22: Baik
A23: =A22+1 | B23: Printer | D23: EPSON / L120 | H23: ;2017 | I23: 02.06.03.05.003 | J23: 0026 | K23: 2173757 | L23: Baik
C26: Mengetahui : | K26: Banjarmasin, 1 Juli 2021
C28: Kepala Bakesbangpol Kota Banjarmasin, | L28: Pengurus Barang
C32: Dr. H. LUKMAN FADLUN, SH, MH | L32: TRISNAWATI M ULYO HAPSARI, SE
C33: Pembina Utama Muda | L33: ='RUANG KASUBBAG SUNRAM'!L28
C34: NIP. 19691013 200003 1 004

Sheet RUANG DAPUR
G1: KARTU INVENTARIS RUANGAN | N1: MODEL INV. 6
A3: Kab/Kota | C3: Kota Banjarmasin
A4: Propinsi | C4: Kalimantan Selatan
A5: Satuan Kerja | C5: Badan Kesatuan Bangsa dan Politik Kota Banjarmasin
A6: Ruangan | C6: DAPUR
A8: NO.KODE LOKASI :
A9: No. | B9: Nama Barang | D9: Merk/ | E9: No. Seri | F9: Ukuran | G9: Bahan | H9: Tahun | J9: Jumlah | K9: Harga | L9: Keadaan Barang | O9: Keterangan
A10: Urut | B10: Jenis Barang | D10: Model | E10: Pabrik | H10: Pembuatan | I10: No. Kode Barang | J10: Barang | K10: Beli/ | L10: Baik | M10: Kurang Baik | N10: Rusak Berat | O10: Mutasi dll
H11: Atau Pembelian | J11: Register x) | K11: Perolehan | L11: (B) | M11: (KB) | N11: (RB)
A12: 1 | B12: 2 | D12: 3 | E12: 4 | F12: 5 | G12: 6 | H12: 7 | I12: 8 | J12: 9 | K12: 10 | L12: 11 | M12: 12 | N12: 13 | O12: 14
A13: 1 | B13: Lemari Kayu | D13: Lokal / Hand Made | G13: Kayu/ Playwood | H13: 2020 | I13: 02.06.02.01.001 | J13: 0002 | K13: 3959900 | L13: Baik
A14: =A13+1 | B14: Lemari ES | D14: LG / GR602JLC | G14: Besi | H14: 2011 | I14: 02.06.02.04.001 | J14: 0003 | K14: 14700000 | L14: Baik
A15: =A14+1 | B15: Meja Komputer | D15: Indachi | G15: Kayu | H15: 2013 | I15: 02.06.03.01.037 | J15: 0001 | L15: Baik
A16: =A15+1 | B16: Lemari Kayu | D16: Buatan Lokal / - | G16: Kayu Kaca | H16: 2000 | I16: 02.06.01.04.014 | J16: 0012 | K16: 350000 | L16: Baik | M16: Kurang Baik | O16: Usul Penghapusan
A17: =A16+1 | B17: Kursi Besi / Metal | D17: - / Warna Cream | G17: Basi | H17: 1997 | I17: 02.06.02.01.005 | J17: 0001 | K17: 148648.5 | M17: Kurang Baik | O17: Usul Penghapusan
A18: =A17+1 | B18: Kursi Besi / Metal | D18: - / Warna Cream | G18: Basi | H18: 1997 | I18: 02.06.02.01.005 | J18: 0009 | K18: 148648.5 | M18: Kurang Baik | O18: Usul Penghapusan
A19: =A18+1 | B19: Kursi Besi / Metal | D19: - / Warna Cream | G19: Basi | H19: 1997 | I19: 02.06.02.01.005 | J19: 0012 | K19: 148648.5 | M19: Kurang Baik | O19: Usul Penghapusan
A20: =A19+1 | B20: Kursi Besi / Metal | D20: - / Warna Cream | G20: Basi | H20: 1997 | I20: 02.06.02.01.005 | J20: 0015 | K20: 148648.5 | M20: Kurang Baik | O20: Usul Penghapusan
A21: =A20+1 | B21: Kursi Besi / Metal | D21: - / Warna Cream | G21: Basi | H21: 1997 | I21: 02.06.02.01.005 | K21: 148648.5 | M21: Kurang Baik | O21: Usul Penghapusan
A22: =A21+1 | B22: Kursi Rapat | D22: Indachi / D 910 | G22: Besi dan Plastik | H22: 2014 | I22: 02.06.02.01.027 | J22: 0009 | K22: 743915 | L22: Baik | M22: Kurang Baik | O22: Usul Penghapusan
A23: =A22+1 | B23: Kursi Putar | D23: USHUTO / Kursi Kerja 6033 | G23: Besi Plastik | H23: 2013 | I23: 02.06.02.01.030 | J23: 0024 | K23: 486971.68 | L23: Baik | M23: Kurang Baik | O23: Usul Penghapusan
A24: =A23+1 | B24: Kursi Putar | D24: Indhaci / D 920 | G24: Besi Plastik | H24: 2014 | I24: 02.06.02.01.030 | J24: 0035 | K24: 794180 | L24: Baik | M24: Kurang Baik | O24: Usul Penghapusan
C26: Mengetahui : | L26: Banjarmasin, Desember 2025
C27: Kepala Bakesbangpol Kota Banjarmasin, | L27: Pengurus Barang,
C31: Dr. H. LUKMAN FADLUN, SH, MH | L31: TRISNAWATI M ULYO HAPSARI, SE
C32: Pembina Utama Muda | L32: ='RUANG PELAYANAN'!L33
C33: NIP. 19691013 200003 1 004

Sheet RUANG KABID IDEOLOGI
G1: KARTU INVENTARIS RUANGAN | N1: MODEL INV. 6
A3: Kab/Kota | C3: Kota Banjarmasin
A4: Propinsi | C4: Kalimantan Selatan
A5: Satuan Kerja | C5: Badan Kesatuan Bangsa dan Politik Kota Banjarmasin
A6: Ruangan | C6: Kabid Ideologi dan Wawasan Kebangsaan
A8: NO.KODE LOKASI :
A9: No. | B9: Nama Barang | D9: Merk/ | E9: No. Seri | F9: Ukuran | G9: Bahan | H9: Tahun | J9: Jumlah | K9: Harga | L9: Keadaan Barang | O9: Keterangan
A10: Urut | B10: Jenis Barang | D10: Model | E10: Pabrik | H10: Pembuatan | I10: No. Kode Barang | J10: Barang | K10: Beli/ | L10: Baik | M10: Kurang Baik | N10: Rusak Berat | O10: Mutasi dll
H11: Atau Pembelian | J11: Register x) | K11: Perolehan | L11: (B) | M11: (KB) | N11: (RB)
A12: 1 | B12: 2 | D12: 3 | E12: 4 | F12: 5 | G12: 6 | H12: 7 | I12: 8 | J12: 9 | K12: 10 | L12: 11 | M12: 12 | N12: 13 | O12: 14
A13: 1 | B13: Lemari Besi | D13: Brother / - | G13: Besi | H13: 2008 | I13: 02.06.01.04.001 | J13: 0007 | K13: 1730000 | L13: Baik
A14: =A13+1 | B14: Kursi Besi / Metal | D14: - / Warna Crean | G14: Besi | H14: 1997 | I14: 02.06.02.01.005 | J14: 0005 | K14: 148648.50 | L14: Baik | O14: barang sudah pindah
A15: =A14+1 | B15: Kursi Besi / Metal | D15: - / Warna Crean | G15: Besi | H15: 1997 | I15: 02.06.02.01.005 | J15: 0013 | K15: 148648.50 | L15: Baik | O15: barang sudah pindah
A16: =A15+1 | B16: PC Unit | D16: LENOVO / AIO 330 (A6) | G16: Campuran | H16: 2020 | I16: 02.06.03.02.001 | J16: 0022 | K16: 6996010 | L16: Baik | O16: Barang di pinjamkan ke staf
A17: =A16+1 | B17: Printer | D17: EPSON /L360 | H17: 2018 | I17: 02.06.03.05.003 | J17: 0028 | K17: 2428691 | L17: Baik | O17: Barang di pinjamkan ke staf
A18: =A17+1 | B18: Meja Kerja Pejabat Eselon III | D18: ZETTA / MT2015 | H18: 2018 | I18: 02.06.04.01.005 | J18: 0007 | K18: 3433301 | L18: Baik
A19: =A18+1 | B19: Meja Kerja Pejabat Eselon IV | D19: Active / Meja Kerja Staf | G19: Kayu Partikel | H19: 2008 | I19: 02.06.04.01.006 | J19: 0030 | K19: 562500 | L19: Baik | O19: usulan penghapusan
A20: =A19+1 | B20: Kursi Kerja Pejabat Eselon III | G20: Besi Plastik | H20: 1997 | I20: 02.06.04.03.005 | J20: 0011 | K20: 539000 | L20: Baik
A21: 9 | B21: Filing Kabinet | D21: Brother / - | G21: Besi | H21: 2006 | I21: 02.06.01.04.004 | J21: 0001 | L21: Baik
C24: Mengetahui : | L24: Banjarmasin, Desember 2025
C25: Kepala Bakesbangpol Kota Banjarmasin, | L25: Pengurus Barang,
C29: Dr. H. LUKMAN FADLUN, SH, MH | L29: TRISNAWATI M ULYO HAPSARI, SE
C30: Pembina Utama Muda | L30: ='RUANG DAPUR'!L32
C31: NIP. 19691013 200003 1 004

Sheet Sheet1

Sheet RUANG KABID HANSENIBUD
G1: KARTU INVENTARIS RUANGAN | N1: MODEL INV. 6
A3: Kab/Kota | C3: Kota Banjarmasin
A4: Propinsi | C4: Kalimantan Selatan
A5: Satuan Kerja | C5: Badan Kesatuan Bangsa dan Politik Kota Banjarmasin
A6: Ruangan | C6: Kabid Ketahanan Seni, Budaya, Agama, Kemasyarakatan dan Ekonomi
A8: NO.KODE LOKASI :
A9: No. | B9: Nama Barang | D9: Merk/ | E9: No. Seri | F9: Ukuran | G9: Bahan | H9: Tahun | J9: Jumlah | K9: Harga | L9: Keadaan Barang | O9: Keterangan
A10: Urut | B10: Jenis Barang | D10: Model | E10: Pabrik | H10: Pembuatan | I10: No. Kode Barang | J10: Barang | K10: Beli/ | L10: Baik | M10: Kurang Baik | N10: Rusak Berat | O10: Mutasi dll
H11: Atau Pembelian | J11: Register x) | K11: Perolehan | L11: (B) | M11: (KB) | N11: (RB)
A12: 1 | B12: 2 | D12: 3 | E12: 4 | F12: 5 | G12: 6 | H12: 7 | I12: 8 | J12: 9 | K12: 10 | L12: 11 | M12: 12 | N12: 13 | O12: 14
A13: 1 | B13: Lemari Besi | D13: Brother / B 203 | G13: Besi | H13: 2014 | I13: 02.06.01.04.001 | J13: 0017 | K13: 3669674 | L13: Baik
A14: =A13+1 | B14: Filling Besi / Metal | D14: BROTHER / BS - 102 | G14: Besi | H14: 2014 | I14: 02.06.01.04.004 | J14: 0014 | K14: 3292652 | L14: Baik
A15: =A14+1 | B15: Kursi Lipat | D15: MATRIX / - | H15: 2018 | I15: 02.06.02.01.034 | J15: 0005 | K15: 333232 | L15: Baik | O15: Barang sudah dipindahkan
A16: =A15+1 | B16: AC Unit | D16: Samsung / AS09TSMNXEA | G16: Besi Plastik | H16: 2013 | I16: 02.06.02.04.003 | J16: 0007 | K16: 4150000 | L16: Baik | O16: Barang Baru
A17: =A16+1 | B17: Kursi Putar | D17: Isabel 325 T / - | G17: Besi Plastik | H17: 2010 | I17: 02.06.02.01.030 | J17: 0021 | K17: 320000 | L17: Baik
A18: =A17+1 | B18: PC Unit | D18: Lenovo / C260 | G18: Besi Plastik | H18: 2015 | I18: 02.06.03.02.001 | J18: 0015 | K18: 6026316 | L18: Baik | O18: barang dipinjamkan ke staf
A19: =A18+1 | B19: Printer | D19: EPSON /L360 | G19: Besi Plastik | H19: 2016 | I19: 02.06.03.05.003 | J19: 0023 | K19: 3142612 | L19: Baik
A20: =A19+1 | B20: Meja Kerja Pejabat Eselon III | D20: ZETTA / MT201S / Esselon III | G20: Kayu Pertikel | H20: 2014 | I20: 02.06.04.01.005 | J20: 0003 | K20: 5126984 | L20: Baik
A21: =A20+1 | B21: Kursi Kerja Pejabat Eselon IV | D21: Indachi D 800 / Esselon IV | G21: Besi Plastik | H21: 2010 | I21: 02.06.04.03.006 | J21: 0006 | K21: 942500 | L21: Baik
A22: 10 | B22: Kursi Rapat | D22: MATRIX / - | G22: Besi | H22: 2020 | I22: 02.06.04.04.008 | J22: 0001 | K22: 315616 | L22: Baik
A23: 10 | B23: Kursi Rapat | D23: MATRIX / - | G23: Besi | H23: 2020 | I23: 02.06.04.04.008 | J23: 0026 | K23: 315616 | L23: Baik
A24: 11 | B24: Laptop
C26: Mengetahui : | L26: Banjarmasin, Desember 2025
C27: Kepala Bakesbangpol Kota Banjarmasin, | L27: Pengurus Barang,
C31: Dr. H. LUKMAN FADLUN, SH, MH | L31: TRISNAWATI M ULYO HAPSARI, SE
C32: Pembina Utama Muda | L32: ='RUANG KABID IDEOLOGI'!L30
C33: NIP. 19691013 200003 1 004

Sheet RUANG KABID POLITIK
G1: KARTU INVENTARIS RUANGAN | N1: MODEL INV. 6
A3: Kab/Kota | C3: Kota Banjarmasin
A4: Propinsi | C4: Kalimantan Selatan
A5: Satuan Kerja | C5: Badan Kesatuan Bangsa dan Politik Kota Banjarmasin
A6: Ruangan | C6: Kabid Politik
A8: NO.KODE LOKASI :
A9: No. | B9: Nama Barang | D9: Merk/ | E9: No. Seri | F9: Ukuran | G9: Bahan | H9: Tahun | J9: Jumlah | K9: Harga | L9: Keadaan Barang | O9: Keterangan
A10: Urut | B10: Jenis Barang | D10: Model | E10: Pabrik | H10: Pembuatan | I10: No. Kode Barang | J10: Barang | K10: Beli/ | L10: Baik | M10: Kurang Baik | N10: Rusak Berat | O10: Mutasi dll
H11: Atau Pembelian | J11: Register x) | K11: Perolehan | L11: (B) | M11: (KB) | N11: (RB)
A12: 1 | B12: 2 | D12: 3 | E12: 4 | F12: 5 | G12: 6 | H12: 7 | I12: 8 | J12: 9 | K12: 10 | L12: 11 | M12: 12 | N12: 13 | O12: 14
A13: 1 | B13: Lemari Besi | D13: KRISBROW / KW17-195 | G13: Besi | H13: 2012 | I13: 02.06.01.04.001 | J13: 0012 | K13: 3400000 | L13: Baik
A14: =A13+1 | B14: Filling Besi / Metal | D14: BROTHER / BS - 102 | G14: Besi | H14: 2014 | I14: 02.06.01.04.004 | J14: 0012 | K14: 3292653 | L14: Baik
A15: =A14+1 | B15: Kursi Besi/Metal | D15: - / Warna Cream | G15: Besi | H15: 1997 | I15: 02.06.02.01.005 | J15: 0003 | K15: 148648.50 | M15: Kurang Baik
A16: =A15+1 | B16: Kursi Besi/Metal | D16: - / Warna Cream | G16: Besi | H16: 1997 | I16: 02.06.02.01.005 | J16: 0006 | K16: 148648.50 | M16: Kurang Baik
A17: =A16+1 | B17: Meja Komputer | D17: AZTEC / CD 800 P | G17: Serbuk Kayu | H17: 2013 | I17: 02.06.02.01.037 | J17: 0002 | K17: 588424.11 | L17: Baik
A18: =A17+1 | B18: Meja Kerja Pejabat Eselon III | D18: ZETTA / MT 201 / Esselon III | G18: Kayu Pertikel | H18: 2017 | I18: 02.06.04.01.005 | J18: 0005 | K18: 2284351 | L18: Baik
A19: =A18+1 | B19: Kursi Kerja Pejabat Eselon IV | D19: Indachi D 821 CR/ Kursi Kerja Staf | G19: Kayu Pertikel | H19: 2015 | I19: 02.06.04.03.006 | J19: 0007 | K19: 2181159 | L19: Baik
C22: Mengetahui : | L22: Banjarmasin, Desember 2025
C23: Kepala Bakesbangpol Kota Banjarmasin, | L23: Pengurus Barang,
C27: Dr. H. LUKMAN FADLUN, SH, MH | L27: TRISNAWATI M ULYO HAPSARI, SE
C28: Pembina Utama Muda | L28: ='RUANG KABID HANSENIBUD'!L32
C29: NIP. 19691013 200003 1 004

Sheet RUANG KABID WASNAS
G1: KARTU INVENTARIS RUANGAN | N1: MODEL INV. 6
A3: Kab/Kota | C3: Kota Banjarmasin
A4: Propinsi | C4: Kalimantan Selatan
A5: Satuan Kerja | C5: Badan Kesatuan Bangsa dan Politik Kota Banjarmasin
A6: Ruangan | C6: Kabid Kewaspadaan Nasional
A8: NO.KODE LOKASI :
A9: No. | B9: Nama Barang | D9: Merk/ | E9: No. Seri | F9: Ukuran | G9: Bahan | H9: Tahun | J9: Jumlah | K9: Harga | L9: Keadaan Barang | O9: Keterangan
A10: Urut | B10: Jenis Barang | D10: Model | E10: Pabrik | H10: Pembuatan | I10: No. Kode Barang | J10: Barang | K10: Beli/ | L10: Baik | M10: Kurang Baik | N10: Rusak Berat | O10: Mutasi dll
H11: Atau Pembelian | J11: Register x) | K11: Perolehan | L11: (B) | M11: (KB) | N11: (RB)
A12: 1 | B12: 2 | D12: 3 | E12: 4 | F12: 5 | G12: 6 | H12: 7 | I12: 8 | J12: 9 | K12: 10 | L12: 11 | M12: 12 | N12: 13 | O12: 14
A13: 1 | B13: Lemari Besi | D13: LION / L 33 Swing Door | G13: Besi | H13: 2013 | I13: 02.06.01.04.001 | J13: 0013 | K13: 2820699 | L13: Baik
A14: =A13+1 | B14: Filling Besi / Metal | D14: BROTHER / B - 104 | G14: Besi | H14: 2017 | I14: 02.06.01.04.004 | J14: 0015 | K14: 2081257 | L14: Baik
A15: =A14+1 | B15: Filling Besi / Metal | D15: BROTHER / B - 104 | H15: 2018 | I15: 02.06.01.04.004 | J15: 0017 | K15: 2095323 | L15: Baik
A16: =A15+1 | B16: Kursi Besi / Metal | D16: - / Warna Cream | G16: Basi | H16: 1997 | I16: 02.06.02.01.005 | J16: 0008 | K16: 148648.5 | M16: Kurang Baik
A17: =A16+1 | B17: AC Unit | D17: Daikin/FTV25CXV | H17: 2020 | I17: 02.06.02.04.003 | J17: 0018 | K17: 8165750 | L17: Baik
A18: =A17+1 | B18: Meja Kerja Pejabat Eselon III | D18: ZETTA / MT-301 / Esselon III | G18: Kayu Pertikel | H18: 2015 | I18: 02.06.04.01.005 | J18: 0004 | K18: 3600000 | L18: Baik
A19: =A18+1 | B19: Kursi Kerja Pejabat Eselon III | D19: INDACHI/ 741 CR | G19: Besi Plastik | H19: 2018 | I19: 02.06.04.03.005 | J19: 0015 | K19: 1969099 | L19: Baik
C21: Mengetahui : | L21: Banjarmasin, Desember 2025
C23: Kepala Bakesbangpol Kota Banjarmasin, | L23: Pengurus Barang
C27: Dr. H. LUKMAN FADLUN, SH, MH | L27: TRISNAWATI M ULYO HAPSARI, SE
C28: Pembina Utama Muda | L28: ='RUANG KABID POLITIK'!L28
C29: NIP. 19691013 200003 1 004

Sheet RUANG DEPAN BIDANG KET
H1: KARTU INVENTARIS RUANGAN | O1: MODEL INV. 6
B3: Kab/Kota | D3: Kota Banjarmasin
B4: Propinsi | D4: Kalimantan Selatan
B5: Satuan Kerja | D5: Badan Kesatuan Bangsa dan Politik Kota Banjarmasin
B6: Ruangan | D6: DEPAN BIDANG
B8: NO.KODE LOKASI :
B9: No. | C9: Nama Barang | E9: Merk/ | F9: No. Seri | G9: Ukuran | H9: Bahan | I9: Tahun | K9: Jumlah | L9: Harga | M9: Keadaan Barang | P9: Keterangan
B10: Urut | C10: Jenis Barang | E10: Model | F10: Pabrik | I10: Pembuatan | J10: No/. Kode Barang | K10: Barang | L10: Beli/ | M10: Baik | N10: Kurang Baik | O10: Rusak Berat | P10: Mutasi dll
I11: Atau Pembelian | K11: Register x) | L11: Perolehan | M11: (B) | N11: (KB) | O11: (RB)
B12: 1 | C12: 2 | E12: 3 | F12: 4 | G12: 5 | H12: 6 | I12: 7 | J12: 8 | K12: 9 | L12: 10 | M12: 11 | N12: 12 | O12: 13 | P12: 14 [Perlu Verifikasi: Tidak ada di BMD 2026]
B13: 1 | C13: Filling Besi / Metal | E13: BROTHER / - | H13: Besi | I13: 2006 | J13: 02.06.01.04.004 | K13: 0001 | L13: 1220000 | M13: Baik | P13: [Perlu Verifikasi: Tidak ada di BMD 2026]
B14: =B13+1 | C14: Filling Besi / Metal | E14: BROTHER / - | H14: Besi | I14: 2006 | J14: 02.06.01.04.004 | K14: 0006 | L14: 1220000 | M14: Baik | P14: [Perlu Verifikasi: Tidak ada di BMD 2026]
B15: =B14+1 | C15: Kursi Besi/Metal | E15: - / Warna Cream | H15: Besi | I15: 1997 | J15: 02.06.02.01.005 | K15: 0002 | L15: 148648.50 | M15: Baik | P15: Tidak ada padanKIB [Perlu Verifikasi: Tidak ada di BMD 2026]
B16: =B15+1 | C16: Kursi Rapat | E16: Merk: Chitose Tipe: 48651 | H16: Besi | I16: 2009 | J16: 02.06.02.01.027 | K16: 0001 | L16: 350000 | M16: Baik
B17: =B16+1 | C17: Kursi Rapat | E17: Merk: Indachi Tipe: 48655 | H17: Besi dan Plastik | I17: 2014 | J17: 02.06.02.01.027 | K17: 0013 | L17: 743915 | M17: Baik
B18: =B17+1 | C18: Kursi Rapat | E18: Merk: Indachi Tipe: 48656 | H18: Besi dan Plastik | I18: 2014 | J18: 02.06.02.01.027 | K18: 0014 | L18: 743917 | M18: Baik
B19: =B18+1 | C19: Kursi Putar | E19: Merk: USHUTO Tipe: 48661 | H19: Besi Plastik | I19: 2013 | J19: 02.06.02.01.030 | K19: 0028 | L19: 486971.68 | M19: Baik
B20: =B19+1 | C20: Kursi Putar | E20: Merk: Indachi Tipe: 48667 | H20: Besi Plastik | I20: 2014 | J20: 02.06.02.01.030 | K20: 0030 | L20: 794180 | M20: Baik
B21: =B20+1 | C21: Kursi Putar | E21: Merk: Indachi Tipe: 48668 | H21: Besi Plastik | I21: 2014 | J21: 02.06.02.01.030 | K21: 0042 | L21: 794180 | M21: Baik
B22: =B21+1 | C22: Kursi Putar | E22: Merk: Indachi Tipe: 48669 | H22: Besi Plastik | I22: 2014 | K22: 0046 | L22: 794180 | M22: Baik
B23: =B22+1 | C23: Kursi Lipat | E23: Merk: MATRIX Tipe: 48755 | I23: 2018 | J23: 02.06.02.01.034 | K23: 0004 | L23: 333232 | M23: Baik
B24: =B23+1 | C24: Kursi Lipat | E24: Merk: MATRIX Tipe: 48756 | I24: 2018 | J24: 02.06.02.01.034 | K24: 0006 | L24: 333232 | M24: Baik
B25: =B24+1 | C25: Kursi Lipat | E25: Merk: MATRIX Tipe: 48757 | I25: 2018 | J25: 02.06.02.01.034 | K25: 0009 | L25: 333232 | M25: Baik
B26: =B25+1 | C26: PC Unit | E26: Merk: Intel - Casing ATX - LG Tipe: 48688 | H26: Besi Plastik | I26: 2012 6 inci | J26: 02.06.03.02.001 | K26: 0010 | L26: 3980000 | M26: Baik
B27: =B26+1 | C27: PC Unit | E27: Merk: Intel - Casing DE Case- LG Tipe: 48689 | H27: Besi Plastik | I27: 2013 | J27: 02.06.03.02.001 | K27: 0012 | L27: 3922641.5 | M27: Baik
B36: No. | C36: Nama Barang | E36: Merk/ | F36: No. Seri | G36: Ukuran | H36: Bahan | I36: Tahun | K36: Jumlah | L36: Harga | M36: Keadaan Barang | P36: Keterangan [Perlu Verifikasi: Tidak ada di BMD 2026]
B37: Urut | C37: Jenis Barang | E37: Model | F37: Pabrik | I37: Pembuatan | J37: No/. Kode Barang | K37: Barang | L37: Beli/ | M37: Baik | N37: Kurang Baik | O37: Rusak Berat | P37: Mutasi dll [Perlu Verifikasi: Tidak ada di BMD 2026]
I38: Atau Pembelian | K38: Register x) | L38: Perolehan | M38: (B) | N38: (KB) | O38: (RB)
B39: 1 | C39: 2 | E39: 3 | F39: 4 | G39: 5 | H39: 6 | I39: 7 | J39: 8 | K39: 9 | L39: 10 | M39: 11 | N39: 12 | O39: 13 | P39: 14 [Perlu Verifikasi: Tidak ada di BMD 2026]
B40: =B27+1 | C40: PC Unit | E40: Merk: Lenovo Tipe: 48691 | H40: Besi Plastik | I40: 2015 | J40: 02.06.03.02.001 | K40: 0014 | L40: 6026316 | M40: Baik
B41: =B40+1 | C41: Printer | E41: Merk: EPSON Tipe: 48715 | H41: Besi Plastik | I41: 2016 | J41: 02.06.03.05.003 | K41: 0020 | L41: 3142612 | M41: Baik
B42: =B41+1 | C42: Printer | E42: Merk: EPSON Tipe: 48716 | H42: Besi Plastik | I42: 2016 | J42: 02.06.03.05.003 | K42: 0022 | L42: 3142612 | M42: Baik
B43: =B42+1 | C43: Printer | E43: Merk: EPSON Tipe: 48741 | H43: Besi Plastik | I43: 2017 | J43: 02.06.03.05.003 | K43: 0027 | L43: 2173757 | M43: Baik
B44: =B43+1 | C44: Printer | E44: Merk: Epson Tipe: 48784 | H44: Campuran | I44: 2020 | J44: 02.06.03.05.003 | K44: 0034 | L44: =5516570/2 | M44: Baik | P44: Tidak ada padanKIB
B45: =B44+1 | C45: Meja Kerja Pejabat Eselon IV | E45: Blue Shark/ Meja Kerja | H45: Kayu Pertikel | I45: 2008 | J45: 02.06.04.01.006 | K45: 0002 | L45: 372666.67 | M45: Baik | P45: Tidak ada padanKIB [Perlu Verifikasi: Tidak ada di BMD 2026]
B46: =B45+1 | C46: Meja Kerja Pejabat Eselon IV | E46: SAGA OD 022/ Meja Kerja Staf | H46: Kayu Pertikel | I46: 2011 | J46: 02.06.04.01.006 | K46: 0022 | L46: 485000 | M46: Baik | P46: Tidak ada padanKIB [Perlu Verifikasi: Tidak ada di BMD 2026]
B47: =B46+1 | C47: Meja Kerja Pejabat Eselon IV | E47: Solid MTS-2805/ Meja Kerja Staf | H47: Kayu Pertikel | I47: 2010 | J47: 02.06.04.01.006 | K47: 0025 | L47: 485000 | M47: Baik | P47: Tidak ada padanKIB [Perlu Verifikasi: Tidak ada di BMD 2026]
B48: =B47+1 | C48: Meja Kerja Pejabat Eselon IV | E48: Merk: General Tipe: 0 | H48: Kayu Pertikel | I48: 2010 | J48: 02.06.04.01.006 | K48: 0031 | L48: 275000 | M48: Baik | P48: Tidak ada padanKIB
B49: =B48+1 | C49: Meja Kerja Pejabat Eselon IV | E49: Merk: Zetta MT 201 Tipe: 48720 | H49: Kayu Pertikel | I49: 2016 | J49: 02.06.04.01.006 | K49: 0032 | L49: 2282609 | M49: Baik | P49: Tidak ada padanKIB
B50: =B49+1 | C50: Meja Kerja Pejabat Eselon IV | E50: Merk: Zetta MT 201 Tipe: 48722 | H50: Kayu Pertikel | I50: 2016 | J50: 02.06.04.01.006 | K50: 0033 | L50: 2282609 | M50: Baik | P50: Tidak ada padanKIB
B51: =B50+1 | C51: Meja Kerja Pejabat Eselon IV | E51: Merk: Zetta MT 201 Tipe: 48734 | H51: Kayu Pertikel | I51: 2017 | J51: 02.06.04.01.006 | K51: 0034 | L51: 2284351 | M51: Baik | P51: Tidak ada padanKIB
B52: =B51+1 | C52: Meja Kerja Pejabat Eselon IV | E52: Merk: SAGA MTB 120 Tipe: 48737 | I52: 2017 | J52: 02.06.04.01.006 | K52: 0035 | L52: 1116794 | M52: Baik
B53: =B52+1 | C53: Meja Kerja Pejabat Eselon IV | E53: Merk: SAGA MTB 120 Tipe: 48738 | I53: 2017 | J53: 02.06.04.01.006 | K53: 0036 | L53: 1116794 | M53: Baik
B54: =B53+1 | C54: Meja Kerja Pejabat Eselon IV | E54: Merk: ZETTA Tipe: 48752 | I54: 2018 | J54: 02.06.04.01.006 | K54: 0037 | L54: 2019589 | M54: Baik
B55: =B54+1 | C55: Meja Kerja Pejabat Eselon IV | E55: Merk: ZETTA Tipe: 48753 | I55: 2018 | J55: 02.06.04.01.006 | K55: 0038 | L55: 2019589 | M55: Baik
B64: No. | C64: Nama Barang | E64: Merk/ | F64: No. Seri | G64: Ukuran | H64: Bahan | I64: Tahun | K64: Jumlah | L64: Harga | M64: Keadaan Barang | P64: Keterangan [Perlu Verifikasi: Tidak ada di BMD 2026]
B65: Urut | C65: Jenis Barang | E65: Model | F65: Pabrik | I65: Pembuatan | J65: No. Kode Barang | K65: Barang | L65: Beli/ | M65: Baik | N65: Kurang Baik | O65: Rusak Berat | P65: Mutasi dll [Perlu Verifikasi: Tidak ada di BMD 2026]
I66: Atau Pembelian | K66: Register x) | L66: Perolehan | M66: (B) | N66: (KB) | O66: (RB)
B67: 1 | C67: 2 | E67: 3 | F67: 4 | G67: 5 | H67: 6 | I67: 7 | J67: 8 | K67: 9 | L67: 10 | M67: 11 | N67: 12 | O67: 13 | P67: 14 [Perlu Verifikasi: Tidak ada di BMD 2026]
B68: =B55+1 | C68: Meja Kerja Pejabat Eselon IV | E68: Merk: ZETTA Tipe: 48754 | I68: 2018 | J68: 02.06.04.01.006 | K68: 0039 | L68: 2019589 | M68: Baik
B69: =B84+1 | C69: Kursi Kerja Pejabat Eselon III | E69: Merk: RAKUDA Tipe: 48710 | H69: Besi Plastik | I69: 2015 | J69: 02.06.04.03.005 | K69: 0013 | L69: 2400000 | M69: Baik
B70: =B69+1 | C70: Kursi Kerja Pejabat Eselon III | E70: Merk: INDACHI Tipe: 48748 | H70: Besi Plastik | I70: 2018 | J70: 02.06.04.03.005 | K70: 0015 | L70: 1969099 | M70: Baik
B71: =B70+1 | C71: Kursi Kerja Pejabat Eselon IV | E71: Merk: TIGER T98 AH Tipe: 48711 | H71: Besi Plastik | I71: 2011 | J71: 02.06.04.03.006 | K71: 0005 | L71: 585000 | M71: Baik
D73: Mengetahui : | M73: Banjarmasin, Desember 2026
D75: Kepala Bakesbangpol Kota Banjarmasin, | M75: Pengurus Barang
D79: Dr. H. LUKMAN FADLUN, SH, MH | M79: TRISNAWATI M ULYO HAPSARI, SE
D80: Pembina Utama Muda | M80: ='RUANG KABID WASNAS'!L28
D81: NIP. 19691013 200003 1 004
B83: =B46+1 | C83: Meja Kerja Pejabat Eselon IV | E83: SAGA OD 022/ Meja Kerja Staf | H83: Kayu Pertikel | I83: 2011 | J83: 02.06.04.01.006 | K83: 0023 | L83: 485000 | M83: Baik | P83: [Perlu Verifikasi: Tidak ada di BMD 2026]
B84: =B68+1 | C84: Kursi Kerja Pejabat Eselon III | E84: Tipe: 48707 | H84: Besi Plastik | I84: 2006 | J84: 02.06.04.03.005 | K84: 0005 | L84: 1343750 | M84: Baik

Sheet RUANG DEPAN BIDANG
G1: KARTU INVENTARIS RUANGAN | N1: MODEL INV. 6
A3: Kab/Kota | C3: Kota Banjarmasin
A4: Propinsi | C4: Kalimantan Selatan
A5: Satuan Kerja | C5: Badan Kesatuan Bangsa dan Politik Kota Banjarmasin
A6: Ruangan | C6: DEPAN BIDANG
A8: NO.KODE LOKASI :
A9: No. | B9: Nama Barang | D9: Merk/ | E9: No. Seri | F9: Ukuran | G9: Bahan | H9: Tahun | J9: Jumlah | K9: Harga | L9: Keadaan Barang | O9: Keterangan
A10: Urut | B10: Jenis Barang | D10: Model | E10: Pabrik | H10: Pembuatan | I10: No/. Kode Barang | J10: Barang | K10: Beli/ | L10: Baik | M10: Kurang Baik | N10: Rusak Berat | O10: Mutasi dll
H11: Atau Pembelian | J11: Register x) | K11: Perolehan | L11: (B) | M11: (KB) | N11: (RB)
A12: 1 | B12: 2 | D12: 3 | E12: 4 | F12: 5 | G12: 6 | H12: 7 | I12: 8 | J12: 9 | K12: 10 | L12: 11 | M12: 12 | N12: 13 | O12: 14
A13: 1 | B13: Filling Besi / Metal | D13: BROTHER / - | G13: Besi | H13: 2006 | I13: 02.06.01.04.004 | J13: 0001 | K13: 1220000 | L13: Baik | O13: Depan Bid Ideologi
A14: =A13+1 | B14: Filling Besi / Metal | D14: BROTHER / - | G14: Besi | H14: 2006 | I14: 02.06.01.04.004 | J14: 0006 | K14: 1220000 | L14: Baik | O14: Depan Bid Hansenibud
A15: =A14+1 | B15: Kursi Besi/Metal | D15: - / Warna Cream | G15: Besi | H15: 1997 | I15: 02.06.02.01.005 | J15: 0002 | K15: 148648.50 | L15: Baik | O15: Ibu Yani
A16: =A15+1 | B16: Kursi Rapat | D16: Chitose / Warna Biru | G16: Besi | H16: 2009 | I16: 02.06.02.01.027 | J16: 0001 | K16: 350000 | L16: Baik | O16: Riyan
A17: =A16+1 | B17: Kursi Rapat | D17: Indachi / D 910 | G17: Besi dan Plastik | H17: 2014 | I17: 02.06.02.01.027 | J17: 0013 | K17: 743915 | L17: Baik | O17: Arin
A18: =A17+1 | B18: Kursi Rapat | D18: Indachi / D 910 | G18: Besi dan Plastik | H18: 2014 | I18: 02.06.02.01.027 | J18: 0014 | K18: 743917 | L18: Baik | O18: Bu Jannah
A19: =A18+1 | B19: Kursi Putar | D19: USHUTO/ Kursi Kerja 6033 | G19: Besi Plastik | H19: 2013 | I19: 02.06.02.01.030 | J19: 0028 | K19: 486971.68 | L19: Baik | O19: Arief
A20: =A19+1 | B20: Kursi Putar | D20: Indachi / D 920 | G20: Besi Plastik | H20: 2014 | I20: 02.06.02.01.030 | J20: 0030 | K20: 794180 | L20: Baik | O20: Olip
A21: =A20+1 | B21: Kursi Putar | D21: Indachi / D 920 | G21: Besi Plastik | H21: 2014 | I21: 02.06.02.01.030 | J21: 0042 | K21: 794180 | L21: Baik | O21: No Name Depan Wasnas
A22: =A21+1 | B22: Kursi Putar | D22: Indachi / D 920 | G22: Besi Plastik | H22: 2014 | J22: 0046 | K22: 794180 | L22: Baik | O22: Adit
A23: =A22+1 | B23: Kursi Lipat | D23: MATRIX / - | H23: 2018 | I23: 02.06.02.01.034 | J23: 0004 | K23: 333232 | L23: Baik | O23: Rini
A24: =A23+1 | B24: Kursi Lipat | D24: MATRIX / - | H24: 2018 | I24: 02.06.02.01.034 | J24: 0006 | K24: 333232 | L24: Baik | O24: Lutfi
A25: =A24+1 | B25: Kursi Lipat | D25: MATRIX / - | H25: 2018 | I25: 02.06.02.01.034 | J25: 0009 | K25: 333232 | L25: Baik | O25: Ibu Sanah
A26: =A25+1 | B26: PC Unit | D26: Intel - Casing ATX-LG/MB MSI G41M-P28- LG wide 16 | G26: Besi Plastik | H26: 2012 6 inci | I26: 02.06.03.02.001 | J26: 0010 | K26: 3980000 | L26: Baik | O26: Ibu Jannah
A27: =A26+1 | B27: PC Unit | D27: Intel - Casing DE Case-LG / Pentium ® G 2020Asrock HGI-LG LED 16 | G27: Besi Plastik | H27: 2013 | I27: 02.06.03.02.001 | J27: 0012 | K27: 3922641.5 | L27: Baik | O27: Inu Yani
A38: No. | B38: Nama Barang | D38: Merk/ | E38: No. Seri | F38: Ukuran | G38: Bahan | H38: Tahun | J38: Jumlah | K38: Harga | L38: Keadaan Barang | O38: Keterangan
A39: Urut | B39: Jenis Barang | D39: Model | E39: Pabrik | H39: Pembuatan | I39: No/. Kode Barang | J39: Barang | K39: Beli/ | L39: Baik | M39: Kurang Baik | N39: Rusak Berat | O39: Mutasi dll
H40: Atau Pembelian | J40: Register x) | K40: Perolehan | L40: (B) | M40: (KB) | N40: (RB)
A41: 1 | B41: 2 | D41: 3 | E41: 4 | F41: 5 | G41: 6 | H41: 7 | I41: 8 | J41: 9 | K41: 10 | L41: 11 | M41: 12 | N41: 13 | O41: 14
A42: =A27+1 | B42: PC Unit | D42: Lenovo / C260 | G42: Besi Plastik | H42: 2015 | I42: 02.06.03.02.001 | J42: 0014 | K42: 6026316 | L42: Baik | O42: Olip
A43: =A42+1 | B43: Printer | D43: EPSON / L 360 | G43: Besi Plastik | H43: 2016 | I43: 02.06.03.05.003 | J43: 0020 | K43: 3142612 | L43: Baik | O43: bu Jannah
A44: =A43+1 | B44: Printer | D44: EPSON / L 360 | G44: Besi Plastik | H44: 2016 | I44: 02.06.03.05.003 | J44: 0022 | K44: 3142612 | L44: Baik | O44: Olip
A45: =A44+1 | B45: Printer | D45: EPSON /L120 | G45: Besi Plastik | H45: 2017 | I45: 02.06.03.05.003 | J45: 0027 | K45: 2173757 | L45: Baik | O45: Adir
A46: =A45+1 | B46: Printer | D46: EPSON /L3110 | G46: Campuran | H46: 2020 | I46: 02.06.03.05.003 | J46: 0034 | K46: =5516570/2 | L46: Baik | O46: Aan
A47: =A46+1 | B47: Meja Kerja Pejabat Eselon IV | D47: Blue Shark/ Meja Kerja | G47: Kayu Pertikel | H47: 2008 | I47: 02.06.04.01.006 | J47: 0002 | K47: 372666.67 | L47: Baik | O47: Lutfi
A48: =A47+1 | B48: Meja Kerja Pejabat Eselon IV | D48: SAGA OD 022/ Meja Kerja Staf | G48: Kayu Pertikel | H48: 2011 | I48: 02.06.04.01.006 | J48: 0022 | K48: 485000 | L48: Baik | O48: Ibu Sanah
A49: =A48+1 | B49: Meja Kerja Pejabat Eselon IV | D49: Solid MTS-2805/ Meja Kerja Staf | G49: Kayu Pertikel | H49: 2010 | I49: 02.06.04.01.006 | J49: 0025 | K49: 485000 | L49: Baik | O49: Arief
A50: =A49+1 | B50: Meja Kerja Pejabat Eselon IV | D50: General/ Meja Kerja Staf | G50: Kayu Pertikel | H50: 2010 | I50: 02.06.04.01.006 | J50: 0031 | K50: 275000 | L50: Baik | O50: Arin
A51: =A50+1 | B51: Meja Kerja Pejabat Eselon IV | D51: ZETTA MT201/ Meja Kerja Staf | G51: Kayu Pertikel | H51: 2016 | I51: 02.06.04.01.006 | J51: 0032 | K51: 2282609 | L51: Baik | O51: Riyan
A52: =A51+1 | B52: Meja Kerja Pejabat Eselon IV | D52: ZETTA MT201/ Meja Kerja Staf | G52: Kayu Pertikel | H52: 2016 | I52: 02.06.04.01.006 | J52: 0033 | K52: 2282609 | L52: Baik | O52: Baitie
A53: =A52+1 | B53: Meja Kerja Pejabat Eselon IV | D53: ZETTA MT201/ Meja Kerja Staf | G53: Kayu Pertikel | H53: 2017 | I53: 02.06.04.01.006 | J53: 0034 | K53: 2284351 | L53: Baik | O53: Rini
A54: =A53+1 | B54: Meja Kerja Pejabat Eselon IV | D54: SAGA MTB 120/ Meja Kerja Staf | H54: 2017 | I54: 02.06.04.01.006 | J54: 0035 | K54: 1116794 | L54: Baik | O54: Olip
A55: =A54+1 | B55: Meja Kerja Pejabat Eselon IV | D55: SAGA MTB 120/ Meja Kerja Staf | H55: 2017 | I55: 02.06.04.01.006 | J55: 0036 | K55: 1116794 | L55: Baik | O55: Bu Yani
A56: =A55+1 | B56: Meja Kerja Pejabat Eselon IV | D56: ZETTA /MT201 | H56: 2018 | I56: 02.06.04.01.006 | J56: 0037 | K56: 2019589 | L56: Baik | O56: Adit
A57: =A56+1 | B57: Meja Kerja Pejabat Eselon IV | D57: ZETTA /MT201 | H57: 2018 | I57: 02.06.04.01.006 | J57: 0038 | K57: 2019589 | L57: Baik | O57: Bu Hanna
A58: =A57+1 | B58: Meja Kerja Pejabat Eselon IV | D58: ZETTA /MT201 | H58: 2018 | I58: 02.06.04.01.006 | J58: 0039 | K58: 2019589 | L58: Baik | O58: Bu Jannah
A59: =A85+1 | B59: Kursi Kerja Pejabat Eselon III | D59: RAKUDA/ RK 235 | G59: Besi Plastik | H59: 2015 | I59: 02.06.04.03.005 | J59: 0013 | K59: 2400000 | L59: Baik | O59: Untung
A67: No. | B67: Nama Barang | D67: Merk/ | E67: No. Seri | F67: Ukuran | G67: Bahan | H67: Tahun | J67: Jumlah | K67: Harga | L67: Keadaan Barang | O67: Keterangan
A68: Urut | B68: Jenis Barang | D68: Model | E68: Pabrik | H68: Pembuatan | I68: No/. Kode Barang | J68: Barang | K68: Beli/ | L68: Baik | M68: Kurang Baik | N68: Rusak Berat | O68: Mutasi dll
H69: Atau Pembelian | J69: Register x) | K69: Perolehan | L69: (B) | M69: (KB) | N69: (RB)
A70: 1 | B70: 2 | D70: 3 | E70: 4 | F70: 5 | G70: 6 | H70: 7 | I70: 8 | J70: 9 | K70: 10 | L70: 11 | M70: 12 | N70: 13 | O70: 14
A71: =A59+1 | B71: Kursi Kerja Pejabat Eselon III | D71: INDACHI/ 741 CR | G71: Besi Plastik | H71: 2018 | I71: 02.06.04.03.005 | J71: 0015 | K71: 1969099 | L71: Baik | O71: Bu Baity
A72: =A71+1 | B72: Kursi Kerja Pejabat Eselon IV | D72: Tiger T98 AH /Esselon IV | G72: Besi Plastik | H72: 2011 | I72: 02.06.04.03.006 | J72: 0005 | K72: 585000 | L72: Baik | O72: Bu Hanna
C74: Mengetahui : | L74: Banjarmasin, Desember 2025
C76: Kepala Bakesbangpol Kota Banjarmasin, | L76: Pengurus Barang
C80: Dr. H. LUKMAN FADLUN, SH, MH | L80: TRISNAWATI M ULYO HAPSARI, SE
C81: Pembina Utama Muda | L81: ='RUANG DEPAN BIDANG KET'!M80
C82: NIP. 19691013 200003 1 004
A84: =A48+1 | B84: Meja Kerja Pejabat Eselon IV | D84: SAGA OD 022/ Meja Kerja Staf | G84: Kayu Pertikel | H84: 2011 | I84: 02.06.04.01.006 | J84: 0023 | K84: 485000 | L84: Baik
A85: =A58+1 | B85: Kursi Kerja Pejabat Eselon III | D85: - / - | G85: Besi Plastik | H85: 2006 | I85: 02.06.04.03.005 | J85: 0005 | K85: 1343750 | L85: Baik

Sheet RUANG DEPAN BIDANG (2)
G1: KARTU INVENTARIS RUANGAN | N1: MODEL INV. 6
A3: Kab/Kota | C3: Kota Banjarmasin
A4: Propinsi | C4: Kalimantan Selatan
A5: Satuan Kerja | C5: Badan Kesatuan Bangsa dan Politik Kota Banjarmasin
A6: Ruangan | C6: DEPAN BIDANG
A8: NO.KODE LOKASI :
A9: No. | B9: Nama Barang | D9: Merk/ | E9: No. Seri | F9: Ukuran | G9: Bahan | H9: Tahun | J9: Jumlah | K9: Harga | L9: Keadaan Barang | O9: Keterangan
A10: Urut | B10: Jenis Barang | D10: Model | E10: Pabrik | H10: Pembuatan | I10: No/. Kode Barang | J10: Barang | K10: Beli/ | L10: Baik | M10: Kurang Baik | N10: Rusak Berat | O10: Mutasi dll
H11: Atau Pembelian | J11: Register x) | K11: Perolehan | L11: (B) | M11: (KB) | N11: (RB)
A12: 1 | B12: 2 | D12: 3 | E12: 4 | F12: 5 | G12: 6 | H12: 7 | I12: 8 | J12: 9 | K12: 10 | L12: 11 | M12: 12 | N12: 13 | O12: 14
A13: 1 | B13: Filling Besi / Metal | D13: BROTHER / - | G13: Besi | H13: 2006 | I13: 02.06.01.04.004 | J13: 0001 | K13: 1220000 | L13: Baik | O13: Depan Bid Ideologi
A14: =A13+1 | B14: Filling Besi / Metal | D14: BROTHER / - | G14: Besi | H14: 2006 | I14: 02.06.01.04.004 | J14: 0006 | K14: 1220000 | L14: Baik | O14: Depan Bid Hansenibud
A15: =A14+1 | B15: Kursi Besi/Metal | D15: - / Warna Cream | G15: Besi | H15: 1997 | I15: 02.06.02.01.005 | J15: 0002 | K15: 148648.50 | L15: Baik | O15: Ibu Yani
A16: =A15+1 | B16: Kursi Rapat | D16: Chitose / Warna Biru | G16: Besi | H16: 2009 | I16: 02.06.02.01.027 | J16: 0001 | K16: 350000 | L16: Baik | O16: Riyan
A17: =A16+1 | B17: Kursi Rapat | D17: Indachi / D 910 | G17: Besi dan Plastik | H17: 2014 | I17: 02.06.02.01.027 | J17: 0013 | K17: 743915 | L17: Baik | O17: Arin
A18: =A17+1 | B18: Kursi Rapat | D18: Indachi / D 910 | G18: Besi dan Plastik | H18: 2014 | I18: 02.06.02.01.027 | J18: 0014 | K18: 743917 | L18: Baik | O18: Bu Jannah
A19: =A18+1 | B19: Kursi Putar | D19: USHUTO/ Kursi Kerja 6033 | G19: Besi Plastik | H19: 2013 | I19: 02.06.02.01.030 | J19: 0028 | K19: 486971.68 | L19: Baik | O19: Arief
A20: =A19+1 | B20: Kursi Putar | D20: Indachi / D 920 | G20: Besi Plastik | H20: 2014 | I20: 02.06.02.01.030 | J20: 0030 | K20: 794180 | L20: Baik | O20: Olip
A21: =A20+1 | B21: Kursi Putar | D21: Indachi / D 920 | G21: Besi Plastik | H21: 2014 | I21: 02.06.02.01.030 | J21: 0042 | K21: 794180 | L21: Baik | O21: No Name Depan Wasnas
A22: =A21+1 | B22: Kursi Putar | D22: Indachi / D 920 | G22: Besi Plastik | H22: 2014 | I22: 02.06.02.01.030 | J22: 0046 | K22: 794180 | L22: Baik | O22: Adit
A23: =A22+1 | B23: Kursi Lipat | D23: MATRIX / - | H23: 2018 | I23: 02.06.02.01.034 | J23: 0004 | K23: 333232 | L23: Baik | O23: Rini
A24: =A23+1 | B24: Kursi Lipat | D24: MATRIX / - | H24: 2018 | I24: 02.06.02.01.034 | J24: 0006 | K24: 333232 | L24: Baik | O24: Lutfi
A25: =A24+1 | B25: Kursi Lipat | D25: MATRIX / - | H25: 2018 | I25: 02.06.02.01.034 | J25: 0009 | K25: 333232 | L25: Baik | O25: Ibu Sanah
A26: =A25+1 | B26: PC Unit | D26: Intel - Casing ATX-LG/MB MSI G41M-P28- LG wide 16 | G26: Besi Plastik | H26: 2012 6 inci | I26: 02.06.03.02.001 | J26: 0010 | K26: 3980000 | L26: Baik | O26: Ibu Jannah
A27: =A26+1 | B27: PC Unit | D27: Intel - Casing DE Case-LG / Pentium ® G 2020Asrock HGI-LG LED 16 | G27: Besi Plastik | H27: 2013 | I27: 02.06.03.02.001 | J27: 0012 | K27: 3922641.5 | L27: Baik | O27: Inu Yani
A38: No. | B38: Nama Barang | D38: Merk/ | E38: No. Seri | F38: Ukuran | G38: Bahan | H38: Tahun | J38: Jumlah | K38: Harga | L38: Keadaan Barang | O38: Keterangan
A39: Urut | B39: Jenis Barang | D39: Model | E39: Pabrik | H39: Pembuatan | I39: No/. Kode Barang | J39: Barang | K39: Beli/ | L39: Baik | M39: Kurang Baik | N39: Rusak Berat | O39: Mutasi dll
H40: Atau Pembelian | J40: Register x) | K40: Perolehan | L40: (B) | M40: (KB) | N40: (RB)
A41: 1 | B41: 2 | D41: 3 | E41: 4 | F41: 5 | G41: 6 | H41: 7 | I41: 8 | J41: 9 | K41: 10 | L41: 11 | M41: 12 | N41: 13 | O41: 14
A42: =A27+1 | B42: PC Unit | D42: Lenovo / C260 | G42: Besi Plastik | H42: 2015 | I42: 02.06.03.02.001 | J42: 0014 | K42: 6026316 | L42: Baik | O42: Olip
A43: =A42+1 | B43: Printer | D43: EPSON / L 360 | G43: Besi Plastik | H43: 2016 | I43: 02.06.03.05.003 | J43: 0020 | K43: 3142612 | L43: Baik | O43: bu Jannah
A44: =A43+1 | B44: Printer | D44: EPSON / L 360 | G44: Besi Plastik | H44: 2016 | I44: 02.06.03.05.003 | J44: 0022 | K44: 3142612 | L44: Baik | O44: Olip
A45: =A44+1 | B45: Printer | D45: EPSON /L120 | G45: Besi Plastik | H45: 2017 | I45: 02.06.03.05.003 | J45: 0027 | K45: 2173757 | L45: Baik | O45: Adir
A46: =A45+1 | B46: Printer | D46: EPSON /L3110 | G46: Campuran | H46: 2020 | I46: 02.06.03.05.003 | J46: 0034 | K46: =5516570/2 | L46: Baik | O46: Aan
A47: =A46+1 | B47: Meja Kerja Pejabat Eselon IV | D47: Blue Shark/ Meja Kerja | G47: Kayu Pertikel | H47: 2008 | I47: 02.06.04.01.006 | J47: 0002 | K47: 372666.67 | L47: Baik | O47: Lutfi
A48: =A47+1 | B48: Meja Kerja Pejabat Eselon IV | D48: SAGA OD 022/ Meja Kerja Staf | G48: Kayu Pertikel | H48: 2011 | I48: 02.06.04.01.006 | J48: 0022 | K48: 485000 | L48: Baik | O48: Ibu Sanah
A49: =A48+1 | B49: Meja Kerja Pejabat Eselon IV | D49: Solid MTS-2805/ Meja Kerja Staf | G49: Kayu Pertikel | H49: 2010 | I49: 02.06.04.01.006 | J49: 0025 | K49: 485000 | L49: Baik | O49: Arief
A50: =A49+1 | B50: Meja Kerja Pejabat Eselon IV | D50: General/ Meja Kerja Staf | G50: Kayu Pertikel | H50: 2010 | I50: 02.06.04.01.006 | J50: 0031 | K50: 275000 | L50: Baik | O50: Arin
A51: =A50+1 | B51: Meja Kerja Pejabat Eselon IV | D51: ZETTA MT201/ Meja Kerja Staf | G51: Kayu Pertikel | H51: 2016 | I51: 02.06.04.01.006 | J51: 0032 | K51: 2282609 | L51: Baik | O51: Riyan
A52: =A51+1 | B52: Meja Kerja Pejabat Eselon IV | D52: ZETTA MT201/ Meja Kerja Staf | G52: Kayu Pertikel | H52: 2016 | I52: 02.06.04.01.006 | J52: 0033 | K52: 2282609 | L52: Baik | O52: Baitie
A53: =A52+1 | B53: Meja Kerja Pejabat Eselon IV | D53: ZETTA MT201/ Meja Kerja Staf | G53: Kayu Pertikel | H53: 2017 | I53: 02.06.04.01.006 | J53: 0034 | K53: 2284351 | L53: Baik | O53: Rini
A54: =A53+1 | B54: Meja Kerja Pejabat Eselon IV | D54: SAGA MTB 120/ Meja Kerja Staf | H54: 2017 | I54: 02.06.04.01.006 | J54: 0035 | K54: 1116794 | L54: Baik | O54: Olip
A55: =A54+1 | B55: Meja Kerja Pejabat Eselon IV | D55: SAGA MTB 120/ Meja Kerja Staf | H55: 2017 | I55: 02.06.04.01.006 | J55: 0036 | K55: 1116794 | L55: Baik | O55: Bu Yani
A56: =A55+1 | B56: Meja Kerja Pejabat Eselon IV | D56: ZETTA /MT201 | H56: 2018 | I56: 02.06.04.01.006 | J56: 0037 | K56: 2019589 | L56: Baik | O56: Adit
A57: =A56+1 | B57: Meja Kerja Pejabat Eselon IV | D57: ZETTA /MT201 | H57: 2018 | I57: 02.06.04.01.006 | J57: 0038 | K57: 2019589 | L57: Baik | O57: Bu Hanna
A58: =A57+1 | B58: Meja Kerja Pejabat Eselon IV | D58: ZETTA /MT201 | H58: 2018 | I58: 02.06.04.01.006 | J58: 0039 | K58: 2019589 | L58: Baik | O58: Bu Jannah
A59: =A85+1 | B59: Kursi Kerja Pejabat Eselon III | D59: RAKUDA/ RK 235 | G59: Besi Plastik | H59: 2015 | I59: 02.06.04.03.005 | J59: 0013 | K59: 2400000 | L59: Baik | O59: Untung
A67: No. | B67: Nama Barang | D67: Merk/ | E67: No. Seri | F67: Ukuran | G67: Bahan | H67: Tahun | J67: Jumlah | K67: Harga | L67: Keadaan Barang | O67: Keterangan
A68: Urut | B68: Jenis Barang | D68: Model | E68: Pabrik | H68: Pembuatan | I68: No/. Kode Barang | J68: Barang | K68: Beli/ | L68: Baik | M68: Kurang Baik | N68: Rusak Berat | O68: Mutasi dll
H69: Atau Pembelian | J69: Register x) | K69: Perolehan | L69: (B) | M69: (KB) | N69: (RB)
A70: 1 | B70: 2 | D70: 3 | E70: 4 | F70: 5 | G70: 6 | H70: 7 | I70: 8 | J70: 9 | K70: 10 | L70: 11 | M70: 12 | N70: 13 | O70: 14
A71: =A59+1 | B71: Kursi Kerja Pejabat Eselon III | D71: INDACHI/ 741 CR | G71: Besi Plastik | H71: 2018 | I71: 02.06.04.03.005 | J71: 0015 | K71: 1969099 | L71: Baik | O71: Bu Baity
A72: =A71+1 | B72: Kursi Kerja Pejabat Eselon IV | D72: Tiger T98 AH /Esselon IV | G72: Besi Plastik | H72: 2011 | I72: 02.06.04.03.006 | J72: 0005 | K72: 585000 | L72: Baik | O72: Bu Hanna
C74: Mengetahui : | L74: Banjarmasin, Desember 2025
C76: Kepala Bakesbangpol Kota Banjarmasin, | L76: Pengurus Barang
C80: Dr. H. LUKMAN FADLUN, SH, MH | L80: TRISNAWATI M ULYO HAPSARI, SE
C81: Pembina Utama Muda | L81: ='RUANG DEPAN BIDANG'!L81
C82: NIP. 19691013 200003 1 004
A84: =A48+1 | B84: Meja Kerja Pejabat Eselon IV | D84: SAGA OD 022/ Meja Kerja Staf | G84: Kayu Pertikel | H84: 2011 | I84: 02.06.04.01.006 | J84: 0023 | K84: 485000 | L84: Baik
A85: =A58+1 | B85: Kursi Kerja Pejabat Eselon III | D85: - / - | G85: Besi Plastik | H85: 2006 | I85: 02.06.04.03.005 | J85: 0005 | K85: 1343750 | L85: Baik

Sheet REKAP BARANG ALL RUANGAN
G1: KARTU INVENTARIS RUANGAN | N1: MODEL INV. 6
A3: Kab/Kota | C3: Kota Banjarmasin
A4: Propinsi | C4: Kalimantan Selatan
A5: Satuan Kerja | C5: Badan Kesatuan Bangsa dan Politik Kota Banjarmasin
A6: Ruangan | C6: ALL RUANGAN
A8: NO.KODE LOKASI :
A9: No. | B9: Nama Barang | D9: Merk/ | E9: No. Seri | F9: Ukuran | G9: Bahan | H9: Tahun | J9: Jumlah | K9: Harga | L9: Keadaan Barang | O9: Keterangan | Q9: Nama Barang | S9: Tahun | T9: Jumlah | U9: Barang | V9: Tahun
A10: Urut | B10: Jenis Barang | D10: Model | E10: Pabrik | H10: Pembuatan | I10: No/. Kode Barang | J10: Barang | K10: Beli/ | L10: Baik | M10: Kurang Baik | N10: Rusak Berat | O10: Mutasi dll | Q10: Jenis Barang | S10: Pembuatan | T10: Barang | U10: Yang | V10: Pembuatan
H11: Atau Pembelian | J11: Register x) | K11: Perolehan | L11: (B) | M11: (KB) | N11: (RB) | S11: Atau Pembelian | T11: Register x) | U11: Dihapus | V11: Atau Pembelian
A12: 1 | B12: 2 | D12: 3 | E12: 4 | F12: 5 | G12: 6 | H12: 7 | I12: 8 | J12: 9 | K12: 10 | L12: 11 | M12: 12 | N12: 13 | O12: 14
A13: 1 | B13: Lemari Besi | D13: Platinum / Alba - | G13: Besi | H13: 1992 | I13: 02.06.01.04.001 | J13: 0001 | K13: 1225000 | L13: Baik | M13: di KIB Kurang Baik | O13: Selasar | Q13: =B13 | S13: =H13 | T13: =J13 | U13: - | V13: 1992, 1994,2000, 2008, 2009, 2012, 2013, 2014,
A14: =A13+1 | B14: Lemari Besi | D14: Brother / - | G14: Besi | H14: 1992 | I14: 02.06.01.04.001 | J14: 0002 | K14: 1225000 | L14: Baik | M14: di KIB Kurang Baik | O14: Selasar | Q14: =B14 | S14: =H14 | T14: =J14 | U14: -
A15: =A14+1 | B15: Lemari Besi | D15: Brother / - | G15: Besi | H15: 1994 | I15: 02.06.01.04.001 | J15: 0004 | K15: 1225000 | L15: Baik | M15: di KIB Kurang Baik | O15: Selasar | Q15: =B15 | S15: =H15 | T15: =J15 | U15: -
A16: =A15+1 | B16: Lemari Besi | D16: Lion / Brangkas | G16: Besi | H16: 2000 | I16: 02/06.01.04.001 | J16: 0006 | K16: 5190000 | L16: Baik | O16: Subbag Keuangan | Q16: =B16 | S16: =H16 | T16: =J16 | U16: -
A17: =A16+1 | B17: Lemari Besi | D17: Brother / - | G17: Besi | H17: 2008 | I17: 02.06.01.04.001 | J17: 0007 | K17: 1730000 | L17: Baik | O17: Kabid Ideologi | Q17: =B17 | S17: =H17 | T17: =J17 | U17: 0009
A18: =A17+1 | B18: Lemari Besi | D18: BROTHER / - | G18: Besi | H18: 2008 | I18: 02.06.01.04.001 | J18: 0008 | K18: 1730000 | L18: Baik | O18: Ruang Sekretariat | Q18: =B18 | S18: =H18 | T18: =J18
A19: =A18+1 | B19: Lemari Besi | D19: Lion / - | G19: Besi | H19: 2009 | I19: 02.06.01.04.001 | J19: 0010 | K19: 2500000 | L19: Baik | O19: Selasar | Q19: =B19 | S19: =H19 | T19: =J19 | U19: -
A20: =A19+1 | B20: Lemari Besi | D20: KRISBROW / KW 17 - 195 | G20: Besi | H20: 2012 | I20: 02.06.01.04.001 | J20: 0011 | K20: 3400000 | L20: Baik | O20: Subbag Umpeg | Q20: =B20 | S20: =H20 | T20: =J20 | U20: -
A21: =A20+1 | B21: Lemari Besi | D21: KRISBROW / KW17-195 | G21: Besi | H21: 2012 | I21: 02.06.01.04.001 | J21: 0012 | K21: 3400000 | L21: Baik | O21: Kabid Politik | Q21: =B21 | S21: =H21 | T21: =J21
A22: =A21+1 | B22: Lemari Besi | D22: LION / L 33 Swing Door | G22: Besi | H22: 2013 | I22: 02.06.01.04.001 | J22: 0013 | K22: 2820699 | L22: Baik | O22: Kabid Wasnas | Q22: =B22 | S22: =H22 | T22: =J22 | U22: -
A23: =A22+1 | B23: Lemari Besi | D23: LION / L 33 Swing Door | G23: Besi | H23: 2013 | I23: 02.06.01.04.001 | J23: 0014 | K23: 2820699 | L23: Baik | O23: Ruang Sekretariat | Q23: =B23 | S23: =H23 | T23: =J23
A24: =A23+1 | B24: Lemari Besi | D24: Brother / B 203 | G24: Besi | H24: 2014 | I24: 02.06.01.04.001 | J24: 0015 | K24: 3669674 | L24: Baik | O24: Selasar | Q24: =B24 | S24: =H24 | T24: =J24
A25: =A24+1 | B25: Lemari Besi | D25: Brother / B-203 | G25: Besi | H25: 2014 | I25: 02.06.01.04.001 | J25: 0016 | K25: 3669674 | L25: Baik | O25: Ruang Sekretariat | Q25: =B25 | S25: =H25 | T25: =J25
A26: =A25+1 | B26: Lemari Besi | D26: Brother / B 203 | G26: Besi | H26: 2014 | I26: 02.06.01.04.001 | J26: 0017 | K26: 3669674 | L26: Baik | O26: Kabid Hansenibud | Q26: =B26 | S26: =H26 | T26: =J26
A27: =A26+1 | B27: Filling Besi / Metal | D27: BROTHER / - | G27: Besi | H27: 2006 | I27: 02.06.01.04.004 | J27: 0001 | K27: 1220000 | L27: Baik | O27: Depan Bid Ideologi | Q27: =B27 | S27: =H27 | T27: =J27 | U27: -
A28: =A27+1 | B28: Filling Besi / Metal | D28: BROTHER / - | G28: Besi | H28: 2006 | I28: 02.06.01.04.004 | J28: 0002 | K28: 1220000 | L28: Baik | M28: Di KIB Kurang Baik | O28: Ruang Sekretariat | Q28: =B28 | S28: =H28 | T28: =J28
A29: =A28+1 | B29: Filling Besi / Metal | D29: BROTHER / - | G29: Besi | H29: 2006 | I29: 02.06.01.04.004 | J29: 0006 | K29: 1220000 | L29: Baik | O29: Depan Bid Hansenibud | Q29: =B29 | S29: =H29 | T29: =J29
A30: =A29+1 | B30: Filling Besi / Metal | D30: BROTHER / - | G30: Besi | H30: 2008 | I30: 02.06.01.04.004 | J30: 0003 | K30: 1220000 | L30: Baik | O30: Ruang Sekretariat | Q30: =B30 | S30: =H30 | T30: =J30 | U30: 0004
K31: =SUM(K13:K30) | Q31: =B43 | S31: =H43 | T31: =J43 | U31: -
A39: No. | B39: Nama Barang | D39: Merk/ | E39: No. Seri | F39: Ukuran | G39: Bahan | H39: Tahun | J39: Jumlah | K39: Harga | L39: Keadaan Barang | O39: Keterangan | Q39: =B39 | S39: =H39 | T39: =J39
A40: Urut | B40: Jenis Barang | D40: Model | E40: Pabrik | H40: Pembuatan | I40: No/. Kode Barang | J40: Barang | K40: Beli/ | L40: Baik | M40: Kurang Baik | N40: Rusak Berat | O40: Mutasi dll | Q40: =B40 | S40: =H40 | T40: =J40
H41: Atau Pembelian | J41: Register x) | K41: Perolehan | L41: (B) | M41: (KB) | N41: (RB) | S41: =H41 | T41: =J41
A42: 1 | B42: 2 | D42: 3 | E42: 4 | F42: 5 | G42: 6 | H42: 7 | I42: 8 | J42: 9 | K42: 10 | L42: 11 | M42: 12 | N42: 13 | O42: 14
A43: =A30+1 | B43: Filling Besi / Metal | D43: Secure Line / - | G43: Besi | H43: 2013 | I43: 02.06.01.04.004 | J43: 0007 | K43: 2880334 | L43: Baik | O43: Ruang Sekretariat
A44: =A43+1 | B44: Filling Besi / Metal | D44: Secure Line /- | G44: Besi | H44: 2013 | I44: 02.06.01.04.004 | J44: 0008 | K44: 2880334 | L44: Baik | O44: Subbag Sunram | Q44: =B44 | S44: =H44 | T44: =J44 | U44: -
A45: =A44+1 | B45: Filling Besi / Metal | D45: Secure Line /- | G45: Besi | H45: 2013 | I45: 02.06.01.04.004 | J45: 0009 | K45: 2880334 | L45: Baik | O45: Subbag Umpeg | Q45: =B45 | S45: =H45 | T45: =J45 | U45: -
A46: =A45+1 | B46: Filling Besi / Metal | D46: BROTHER / BS - 102 | G46: Besi | H46: 2014 | I46: 02.06.01.04.004 | J46: 0010 | K46: 3292653 | L46: Baik | O46: Ruang Sekretariat | Q46: =B46 | S46: =H46 | T46: =J46 | U46: -
A47: =A46+1 | B47: Filling Besi / Metal | D47: BROTHER / BS-102 | G47: Besi | H47: 2014 | I47: 02.06.01.04.004 | J47: 0011 | K47: 3292653 | L47: Baik | O47: Subbag Umpeg | Q47: =B47 | S47: =H47 | T47: =J47 | U47: -
A48: =A47+1 | B48: Filling Besi / Metal | D48: BROTHER / BS - 102 | G48: Besi | H48: 2014 | I48: 02.06.01.04.004 | J48: 0012 | K48: 3292653 | L48: Baik | O48: Kabid Politik | Q48: =B48 | S48: =H48 | T48: =J48 | U48: -
A49: =A48+1 | B49: Filling Besi / Metal | D49: BROTHER / BS - 102 | G49: Besi | H49: 2014 | I49: 02.06.01.04.004 | J49: 0013 | K49: 3292652 | L49: Baik | O49: Ruang Sekretariat | Q49: =B49 | S49: =H49 | T49: =J49 | U49: -
A50: =A49+1 | B50: Filling Besi / Metal | D50: BROTHER / BS - 102 | G50: Besi | H50: 2014 | I50: 02.06.01.04.004 | J50: 0014 | K50: 3292652 | L50: Baik | O50: Kabid Hansenibud | Q50: =B50 | S50: =H50 | T50: =J50 | U50: -
A51: =A50+1 | B51: Filling Besi / Metal | D51: BROTHER / B - 104 | G51: Besi | H51: 2017 | I51: 02.06.01.04.004 | J51: 0015 | K51: 2081257 | L51: Baik | O51: Kabid Wasnas | Q51: =B51 | S51: =H51 | T51: =J51
A52: =A51+1 | B52: Filling Besi / Metal | D52: BROTHER / B - 104 | H52: 2018 | I52: 02.06.01.04.004 | J52: 0017 | K52: 2095323 | L52: Baik | O52: Kabid Wasnas | Q52: =B52 | S52: =H52 | T52: =J52 | U52: 0016
A53: =A52+1 | B53: Lemari Kaca | D53: Brother / Besi Kaca | G53: Besi Kaca | H53: 2006 | I53: 02.06.01.04.012 | J53: 0001 | K53: 1820000 | L53: Baik | O53: Subbag Keuangan | Q53: =B53 | S53: =H53 | T53: =J53
A54: =A53+1 | B54: Lemari Kaca | D54: Brother / Besi Kaca 8304 | G54: Besi Kaca | H54: 2014 | I54: 02.06.01.04.012 | J54: 0002 | K54: 3050000 | L54: Baik | O54: Subbag Sunram | Q54: =B54 | S54: =H54 | T54: =J54
A55: =A54+1 | B55: Lemari Kayu | D55: Buatan Lokal / - | G55: Kayu Kaca | H55: 2000 | I55: 02.06.01.04.014 | J55: 0012 | K55: 350000 | L55: Baik | O55: Ruang Dapur / Usul Peng- hapusan | Q55: =B55 | S55: =H55 | T55: =J55 | U55: ;0011
A56: =A55+1 | B56: Lemari Kayu | D56: Brother / 4 Rak | G56: Kayu Partikel | H56: 2006 | I56: 02.06.01.04.014 | J56: 0001 | K56: 250000 | L56: Baik | O56: Subbag Keuangan | Q56: =B56 | S56: =H56 | T56: =J56 | U56: 0010 | V56: 2000
A57: =A56+1 | B57: Lemari Kayu | D57: Big Panel / 4 Rak | G57: Kayu Partikel | H57: 2010 | I57: 02.06.01.04.014 | J57: 0002 | K57: 396000 | L57: Baik | O57: Subbag Umpeg | Q57: =B57 | S57: =H57 | T57: =J57 | U57: 0013 | V57: 2005
A58: =A57+1 | B58: Lemari Kayu | D58: Buatan Lokal / Kayu Kaca | G58: Kayu Kaca | H58: 2010 | I58: 02.06.01.04.014 | J58: 0004 | K58: 900000 | L58: Baik | O58: Selasar | Q58: =B58 | S58: =H58 | T58: =J58 | U58: 0003 & 0005 | V58: 2010
A59: =A58+1 | B59: Lemari Kayu | D59: SAGA RB 2800/ Lemari Buku | G59: Kayu Partikel | H59: 2011 | I59: 02.06.01.04.014 | J59: 0006 | K59: 892500 | L59: Baik | O59: Selasar | Q59: =B59 | S59: =H59 | T59: =J59 | U59: 0007
A60: =A59+1 | B60: Papan Tulis | D60: Papan Data Nominatif / Buatan Lokal | G60: Papan | H60: 2010 | I60: 02.06.01.05.008 | J60: 0002 | K60: 1350000 | L60: Baik | O60: Ruang Kaban | Q60: =B60 | S60: =H60 | T60: =J60 | U60: ;0001 & 0002
A61: =A60+1 | B61: Mesin Absensi | D61: MBIO / MB 007c | G61: Besi Plastik | H61: 2019 | I61: 02.06.01.05.017 | J61: 0002 | K61: 4630687 | L61: Baik | O61: Selasar | Q61: =B61 | S61: =H61 | T61: =J61 | U61: ;0001 | V61: 2012
K62: =SUM(K43:K61) | Q62: =B73 | S62: =H73 | T62: =J73
Q63: =B74 | S63: =H74 | T63: =J74
A69: No. | B69: Nama Barang | D69: Merk/ | E69: No. Seri | F69: Ukuran | G69: Bahan | H69: Tahun | J69: Jumlah | K69: Harga | L69: Keadaan Barang | O69: Keterangan | Q69: =B69 | S69: =H69 | T69: =J69
A70: Urut | B70: Jenis Barang | D70: Model | E70: Pabrik | H70: Pembuatan | I70: No/. Kode Barang | J70: Barang | K70: Beli/ | L70: Baik | M70: Kurang Baik | N70: Rusak Berat | O70: Mutasi dll | Q70: =B70 | S70: =H70 | T70: =J70
H71: Atau Pembelian | J71: Register x) | K71: Perolehan | L71: (B) | M71: (KB) | N71: (RB) | S71: =H71 | T71: =J71
A72: 1 | B72: 2 | D72: 3 | E72: 4 | F72: 5 | G72: 6 | H72: 7 | I72: 8 | J72: 9 | K72: 10 | L72: 11 | M72: 12 | N72: 13 | O72: 14
A73: =A61+1 | B73: Lemari Kayu | D73: Lokal / Hand Made | G73: Kayu/ Playwood | H73: 2020 | I73: 02.06.02.01.001 | J73: 0001 | K73: 84403000 | L73: Baik | O73: Ruang Rapat
A74: =A73+1 | B74: Lemari Kayu | D74: Lokal / Hand Made | G74: Kayu/ Playwood | H74: 2020 | I74: 02.06.02.01.001 | J74: 0002 | K74: 3959900 | L74: Baik | O74: Ruang Dapur
A75: =A74+1 | B75: Kursi Besi / Metal | D75: - / Warna Cream | G75: Basi | H75: 1997 | I75: 02.06.02.01.005 | J75: 0001 | K75: 148648.5 | M75: Kurang Baik | O75: Ruang Dapur | Q75: =B75 | S75: =H75 | T75: =J75
A76: =A75+1 | B76: Kursi Besi/Metal | D76: - / Warna Cream | G76: Besi | H76: 1997 | I76: 02.06.02.01.005 | J76: 0002 | K76: 148648.50 | M76: Kurang Baik | O76: Ibu Yani | Q76: =B76 | S76: =H76 | T76: =J76
A77: =A76+1 | B77: Kursi Besi/Metal | D77: - / Warna Cream | G77: Besi | H77: 1997 | I77: 02.06.02.01.005 | J77: 0003 | K77: 148648.50 | M77: Kurang Baik | O77: Kabid Politik | Q77: =B77 | S77: =H77 | T77: =J77
A78: =A77+1 | B78: Kursi Besi / Metal | D78: - // Warna Crean | G78: Besi | H78: 1997 | I78: 02.06.02.01.005 | J78: 0005 | K78: 148648.50 | M78: Kurang Baik | O78: Kabid Ideologi | Q78: =B78 | S78: =H78 | T78: =J78
A79: =A78+1 | B79: Kursi Besi/Metal | D79: - / Warna Cream | G79: Besi | H79: 1997 | I79: 02.06.02.01.005 | J79: 0006 | K79: 148648.50 | M79: Kurang Baik | O79: Kabid Politik | Q79: =B79 | S79: =H79 | T79: =J79
A80: =A79+1 | B80: Kursi Besi/ Metal | D80: - / Warna Cream | G80: Besi | H80: 1997 | I80: 02.06.02.01.05. | J80: 0007 | K80: 148648.5 | M80: Kurang Baik | O80: Ruang Pelayanan | Q80: =B80 | S80: =H80 | T80: =J80
A81: =A80+1 | B81: Kursi Besi / Metal | D81: - / Warna Cream | G81: Basi | H81: 1997 | I81: 02.06.02.01.005 | J81: 0008 | K81: 148648.5 | M81: Kurang Baik | O81: Kabid Wasnas | Q81: =B81 | S81: =H81 | T81: =J81
A82: =A81+1 | B82: Kursi Besi / Metal | D82: - / Warna Cream | G82: Basi | H82: 1997 | I82: 02.06.02.01.005 | J82: 0009 | K82: 148648.5 | M82: Kurang Baik | O82: Ruang Dapur | Q82: =B82 | S82: =H82 | T82: =J82
A83: =A82+1 | B83: Kursi Besi / Metal | D83: - / Warna Cream | G83: Basi | H83: 1997 | I83: 02.06.02.01.005 | J83: 0012 | K83: 148648.5 | M83: Kurang Baik | O83: Ruang Dapur | Q83: =B83 | S83: =H83 | T83: =J83
A84: =A83+1 | B84: Kursi Besi / Metal | D84: - // Warna Crean | G84: Besi | H84: 1997 | I84: 02.06.02.01.005 | J84: 0013 | K84: 148648.50 | M84: Kurang Baik | O84: Kabid Ideologi | Q84: =B84 | S84: =H84 | T84: =J84
A85: =A84+1 | B85: Kursi Besi / Metal | D85: - / Warna Cream | G85: Basi | H85: 1997 | I85: 02.06.02.01.005 | J85: 0016 | K85: 148648.5 | M85: Kurang Baik | O85: Ruang Daput | Q85: =B85 | S85: =H85 | T85: =J85
A86: =A85+1 | B86: Kursi Besi / Metal | D86: - / Warna Cream | G86: Basi | H86: 1997 | I86: 02.06.02.01.005 | K86: 148648.5 | M86: Kurang Baik | O86: Ruang Dapur | Q86: =B86 | S86: =H86 | T86: =J86
A87: =A86+1 | B87: Meja Panjang | D87: Lokal / Handmade | G87: Kayu | H87: 2020 | I87: 02.06.02.01.009 | J87: 0001 | K87: 5860000 | L87: Baik | O87: Ruang Pelayanan | Q87: =B87 | S87: =H87 | T87: =J87
A88: =A87+1 | B88: Meja Reception | D88: Lokal / Handmade | G88: Kayu / Plywood | H88: 2020 | I88: 02.06.02.01.017 | J88: 0001 | K88: 24337500 | L88: Baik | O88: Ruang Pelayanan | Q88: =B88 | S88: =H88 | T88: =J88
A89: =A88+1 | B89: Kursi Tamu | D89: Lokal / Handmade | G89: Kayu | H89: 2020 | I89: 02.06.02.01.019 | J89: 0003 | K89: 15628800 | L89: Baik | O89: Ruang Pelayanan | Q89: =B89 | S89: =H89 | T89: =J89
A90: =A89+1 | B90: Kursi Rapat | D90: Chitose / Warna Biru | G90: Besi | H90: 2009 | I90: 02.06.02.01.027 | J90: 0001 | K90: 350000 | L90: Baik | O90: Riyan | Q90: =B90 | S90: =H90 | T90: =J90
A91: =A90+1 | B91: Kursi Rapat | D91: Chitose / Warna Biru | G91: Besi | H91: 2009 | I91: 02.06.02.01.027 | J91: 0002 | K91: 350000 | L91: Baik | O91: Ruang Sekretariat (Indra H) | Q91: =B91 | S91: =H91 | T91: =J91
A92: =A91+1 | B92: Kursi Rapat | D92: Chitose / Warna Biru | G92: Besi | H92: 2009 | I92: 02.06.02.01.027 | J92: 0004 | K92: 350000 | L92: Baik | O92: Ruang Sekretariat (Indra A) | Q92: =B92 | S92: =H92 | T92: =J92
A93: =A92+1 | B93: Kursi Rapat | D93: Chitose / Warna Biru | G93: Besi | H93: 2009 | I93: 02.06.02.01.027 | J93: 0005 | K93: 350000 | L93: Baik | O93: Ruang Sekretariat (Smping bu Taty) | Q93: =B93 | S93: =H93 | T93: =J93
K94: =SUM(K73:K93) | Q94: =B105 | S94: =H105 | T94: =J105
Q95: =B106 | S95: =H106 | T95: =J106
Q96: =B107 | S96: =H107 | T96: =J107
Q97: =B97 | S97: =H97 | T97: =J97
Q98: =B98 | S98: =H98 | T98: =J98
Q99: =B99 | S99: =H99 | T99: =J99
Q100: =B100 | S100: =H100 | T100: =J100
A101: No. | B101: Nama Barang | D101: Merk/ | E101: No. Seri | F101: Ukuran | G101: Bahan | H101: Tahun | J101: Jumlah | K101: Harga | L101: Keadaan Barang | O101: Keterangan | Q101: =B101 | S101: =H101 | T101: =J101
A102: Urut | B102: Jenis Barang | D102: Model | E102: Pabrik | H102: Pembuatan | I102: No/. Kode Barang | J102: Barang | K102: Beli/ | L102: Baik | M102: Kurang Baik | N102: Rusak Berat | O102: Mutasi dll | Q102: =B102 | S102: =H102 | T102: =J102
H103: Atau Pembelian | J103: Register x) | K103: Perolehan | L103: (B) | M103: (KB) | N103: (RB) | Q103: =B103 | S103: =H103 | T103: =J103
A104: 1 | B104: 2 | D104: 3 | E104: 4 | F104: 5 | G104: 6 | H104: 7 | I104: 8 | J104: 9 | K104: 10 | L104: 11 | M104: 12 | N104: 13 | O104: 14 | Q104: =B104 | S104: =H104 | T104: =J104
A105: =A93+1 | B105: Kursi Rapat | D105: Indachi / D 910 | G105: Besi dan Plastik | H105: 2014 | I105: 02.06.02.01.027 | J105: 0009 | K105: 743915 | L105: Baik | O105: Ruang Dapur
A106: =A105+1 | B106: Kursi Rapat | D106: Indachi / D 910 | G106: Besi dan Plastik | H106: 2014 | I106: 02.06.02.01.027 | J106: 0010 | K106: 743915 | L106: Baik | O106: Ruang Rapat
A107: =A106+1 | B107: Kursi Rapat | D107: Indachi / D 910 | G107: Besi dan Plastik | H107: 2014 | I107: 02.06.02.01.027 | J107: 0011 | K107: 743915 | L107: Baik | O107: Ruang Pelayanan
A108: =A107+1 | B108: Kursi Rapat | D108: Indachi / D 910 | G108: Besi dan Plastik | H108: 2014 | I108: 02.06.02.01.027 | J108: 0012 | K108: 743915 | L108: Baik | O108: Ruang Rapat | Q108: =B108 | S108: =H108 | T108: =J108
A109: =A108+1 | B109: Kursi Rapat | D109: Indachi / D 910 | G109: Besi dan Plastik | H109: 2014 | I109: 02.06.02.01.027 | J109: 0013 | K109: 743915 | L109: Baik | O109: Arin | Q109: =B109 | S109: =H109 | T109: =J109
A110: =A109+1 | B110: Kursi Rapat | D110: Indachi / D 910 | G110: Besi dan Plastik | H110: 2014 | I110: 02.06.02.01.027 | J110: 0014 | K110: 743917 | L110: Baik | O110: Bu Jannah | Q110: =B110 | S110: =H110 | T110: =J110
A111: =A110+1 | B111: Kursi Rapat | D111: Indachi / D 910 | G111: Besi dan Plastik | H111: 2014 | I111: 02.06.02.01.027 | K111: 743915 | L111: Baik | O111: Ruang Rapat | Q111: =B111 | S111: =H111 | T111: =J111
A112: =A111+1 | B112: Kursi Putar | D112: Isabel 325 T / - | G112: Besi Plastik | H112: 2010 | I112: 02.06.02.01.030 | J112: 0021 | K112: 320000 | L112: Baik | M112: Di KIB Kurang Baik | O112: Kabid Hansenibud | Q112: =B112 | S112: =H112 | T112: =J112
A113: =A112+1 | B113: Kursi Putar | D113: USHUTO / Kursi Kerja 6033 | G113: Besi Plastik | H113: 2013 | I113: 02.06.02.01.030 | J113: 0024 | K113: 486971.68 | L113: Baik | O113: Ruang Dapur | Q113: =B113 | S113: =H113 | T113: =J113
A114: =A113+1 | B114: Kursi Putar | D114: USHUTO / Kursi Kerja 6033 | G114: Besi Plastik | H114: 2013 | I114: 02.06.02.01.030 | J114: 0025 | K114: 486971.68 | L114: Baik | O114: Ruang Sekretariat (Ex Atan) | Q114: =B114 | S114: =H114 | T114: =J114
...

Sheet BARANG INVENTARIS KANTOR
G1: KARTU INVENTARIS RUANGAN | N1: MODEL INV. 6
A3: Kab/Kota | C3: Kota Banjarmasin
A4: Propinsi | C4: Kalimantan Selatan
A5: Satuan Kerja | C5: Badan Kesatuan Bangsa dan Politik Kota Banjarmasin
A6: Ruangan | C6: INVENTARIS KANTOR
A8: NO.KODE LOKASI :
A9: No. | B9: Nama Barang | D9: Merk/ | E9: No. Seri | F9: Ukuran | G9: Bahan | H9: Tahun | J9: Jumlah | K9: Harga | L9: Keadaan Barang | O9: Keterangan
A10: Urut | B10: Jenis Barang | D10: Model | E10: Pabrik | H10: Pembuatan | I10: No/. Kode Barang | J10: Barang | K10: Beli/ | L10: Baik | M10: Kurang Baik | N10: Rusak Berat | O10: Mutasi dll
H11: Atau Pembelian | J11: Register x) | K11: Perolehan | L11: (B) | M11: (KB) | N11: (RB)
A12: 1 | B12: 2 | D12: 3 | E12: 4 | F12: 5 | G12: 6 | H12: 7 | I12: 8 | J12: 9 | K12: 10 | L12: 11 | M12: 12 | N12: 13 | O12: 14
A13: 1 | B13: Laptop | D13: ZYREX / SKY 2712 Intel Pentium (R) SU 2700 | G13: Besi Plastik | H13: 2011 | I13: 02.06.03.02.002 | J13: 0004 | K13: 4750000 | L13: Baik | N13: Rusak Berat | O13: Usul Penghapusan
A14: =A13+1 | B14: Laptop | D14: Axioo / M72SR/M720SR/TVS | G14: Besi Plastik | H14: 2008 | I14: 02.06.03.02.002 | J14: 0006 | K14: 10100000 | L14: Baik | N14: Rusak Berat | O14: Usul Penghapusan
A15: =A14+1 | B15: Laptop | D15: Acer/Aspire 4736Z-441G25MN | G15: Besi Plastik | H15: 2009 | I15: 02.06.03.02.002 | J15: 0009 | K15: 8450000 | L15: Baik | N15: Rusak Berat | O15: Usul Penghapusan
A16: =A15+1 | B16: Laptop | D16: Toshiba/ Satellite L510 | G16: Besi Plastik | H16: 2009 | I16: 02.06.03.02.002 | J16: 0010 | K16: 13000000 | L16: Baik | O16: Ibu Tati
A17: =A16+1 | B17: Laptop | D17: Thosiba / Satellite L740-1228U | G17: Besi Plastik | H17: 2012 | I17: 02.06.03.02.002 | J17: 0011 | K17: 6375000 | L17: Baik | N17: Rusak Berat | O17: Usul Penghapusan
A18: =A17+1 | B18: Laptop | D18: Thosiba Satellite L735 | G18: Besi Plastik | H18: 2013 | I18: 02.06.03.02.002 | J18: 0012 | K18: 6387278 | L18: Baik | N18: Rusak Berat | O18: Usul Penghapusan
A19: =A18+1 | B19: Laptop | D19: Thosiba / C40-A | G19: Besi Plastik | H19: 2013 | I19: 02.06.03.02.002 | J19: 0013 | K19: 6940058.1 | L19: Baik | N19: Rusak Berat | O19: Usul Penghapusan
A20: =A19+1 | B20: Laptop | D20: Lenovo/ G400S | G20: Besi Plastik | H20: 2014 | I20: 02.06.03.02.002 | J20: 0014 | K20: 7809160 | L20: Baik | O20: Arief
A21: =A20+1 | B21: Laptop | D21: Lenovo / G 400 S | G21: Besi Plastik | H21: 2014 | I21: 02.06.03.02.002 | J21: 2015 | K21: 7809160 | L21: Rusak Berat | N21: Rusak Berat | O21: Usul Penghapusan
A22: =A21+1 | B22: Laptop | D22: Lenovo/ G400S | G22: Besi Plastik | H22: 2014 | I22: 02.06.03.02.002 | J22: 0016 | K22: 7809160 | L22: Baik | O22: Olip
A23: =A22+1 | B23: Laptop | D23: Asus/ X455L | G23: Besi Plastik | H23: 2015 | I23: 02.06.03.02.002 | J23: 0017 | K23: 6930263 | L23: Baik | O23: Adytia
A24: =A23+1 | B24: Laptop | D24: Asus/ X455L | G24: Besi Plastik | H24: 2015 | I24: 02.06.03.02.002 | J24: 0018 | K24: 6930263 | L24: Baik | O24: Sekretaris
A25: =A24+1 | B25: Laptop | D25: Asus/ X455L | G25: Besi Plastik | H25: 2015 | I25: 02.06.03.02.002 | J25: 0019 | K25: 6930263 | M25: Kurang Baik Keyboard Rusak | O25: Indra A
A26: =A25+1 | B26: Laptop | D26: Asus/ X455L | G26: Besi Plastik | H26: 2015 | I26: 02.06.03.02.002 | J26: 0020 | K26: 6650000 | L26: Kurang Baik | O26: Ansara
A27: =A26+1 | B27: Laptop | D27: DEL INSPIRON / 14-3458 | G27: Besi Plastik | H27: 2016 | I27: 02.06.03.02.002 | J27: 0021 | K27: 6650000 | M27: Kurang Baik | O27: Ibu Ida
A36: No. | B36: Nama Barang | D36: Merk/ | E36: No. Seri | F36: Ukuran | G36: Bahan | H36: Tahun | J36: Jumlah | K36: Harga | L36: Keadaan Barang | O36: Keterangan
A37: Urut | B37: Jenis Barang | D37: Model | E37: Pabrik | H37: Pembuatan | I37: No/. Kode Barang | J37: Barang | K37: Beli/ | L37: Baik | M37: Kurang Baik | N37: Rusak Berat | O37: Mutasi dll
H38: Atau Pembelian | J38: Register x) | K38: Perolehan | L38: (B) | M38: (KB) | N38: (RB)
A39: 1 | B39: 2 | D39: 3 | E39: 4 | F39: 5 | G39: 6 | H39: 7 | I39: 8 | J39: 9 | K39: 10 | L39: 11 | M39: 12 | N39: 13 | O39: 14
A40: 16 | B40: Laptop | D40: ASUS / X441UA | H40: 2018 | I40: 02.06.03.02.002 | J40: 0022 | K40: 7063443 | N40: Rusak Berat | O40: Usul Penghapusan / Kabid Ideologi
A41: =#REF!+1 | B41: Laptop | D41: ASUS X407UA | G41: Besi Plastik | H41: 2019 | I41: 02.06.03.02.002 | J41: 0023 | K41: 6795775 | L41: Baik | O41: Katerina
A42: =A41+1 | B42: Laptop | D42: ASUS X441UB / - | G42: Campuran | H42: 2020 | I42: 02.06.03.02.002 | J42: 0024 | K42: 8048150 | L42: Baik | O42: Perencanaan / Siska
A43: =A42+1 | B43: Laptop | D43: Asus Expertboox/ P3540FB EJ7820T | G43: Campuran | H43: 2020 | I43: 02.06.03.02.002 | J43: 0025 | K43: =54087430/3 | L43: Baik | O43: Sekretaris Rusak dr Rekanan
A44: =A43+1 | B44: Laptop | D44: Asus Expertboox/ P3540FB EJ7820T | G44: Campuran | H44: 2020 | I44: 02.06.03.02.002 | J44: 0026 | K44: =54087430/3 | L44: Baik | O44: Bend Pengeluaran
A45: =A44+1 | B45: Laptop | D45: Asus Expertboox/ P3540FB EJ7820T | G45: Campuran | H45: 2020 | I45: 02.06.03.02.002 | J45: 0027 | K45: =54087430/3 | L45: Baik | O45: Penyusun Laporan Keuangan
C47: Mengetahui : | L47: Banjarmasin, Desember 2025
C49: Kepala Bakesbangpol Kota Banjarmasin, | L49: Pengurus Barang,
C53: Dr. H. LUKMAN FADLUN, SH, MH | L53: TRISNAWATI M ULYO HAPSARI, SE
C54: Pembina Utama Muda | L54: ='REKAP BARANG ALL RUANGAN'!L345
C55: NIP. 19691013 200003 1 004

Sheet KENDARAAN
G1: KARTU INVENTARIS RUANGAN | Q1: MODEL INV. 6
A3: Kab/Kota | C3: Kota Banjarmasin
A4: Propinsi | C4: Kalimantan Selatan
A5: Satuan Kerja | C5: Badan Kesatuan Bangsa dan Politik Kota Banjarmasin
A6: Ruangan | C6: KENDARAAN DINAS
A8: NO.KODE LOKASI :
A9: No. | B9: Nama Barang | D9: Merk/ | E9: Merk/ | F9: Ukuran | G9: Bahan | H9: Tahun | J9: Jumlah | L9: Harga | M9: Nomor
A10: Urut | B10: Jenis Barang | D10: Model | E10: Type | H10: Pembuatan | I10: No/. Kode Barang | J10: Banyaknya | K10: Nomor | L10: Beli/ | M10: Rangka | N10: Mesin | O10: Polisi | P10: BPKB | Q10: Pemegang
H11: Atau Pembelian | J11: Barang | K11: Register x) | L11: Perolehan
A12: 1 | B12: 2 | D12: 3 | E12: 4 | F12: 5 | G12: 6 | H12: 7 | I12: 8 | J12: 9 | K12: 10 | L12: 11 | M12: 12 | N12: 13 | O12: 14 | P12: 15 | Q12: 16
A13: 1 | B13: Mini Bus (Penumpang 14 Orang ke bawah | D13: TOYOTA / AVANZA 1500 S | F13: 1498 CC | G13: Besi | H13: 2012 | I13: 02.03.01.02.003 | J13: 1 | K13: 0002 | L13: 166673497 | M13: I-05815753 | O13: DA 826 AF | Q13: Operasional
A14: =A13+1 | B14: Mini Bus (Penumpang 14 Orang ke bawah | D14: TOYOTA / KF 70 biru metalik | F14: 1781 C | G14: Besi | H14: 2012 | I14: 02.03.01.02.003 | J14: 1 | K14: 0003 | L14: 120800000 | M14: MHF11KF701003 | O14: DA 251 A | Q14: Opearsiona'
A15: =A14+1 | B15: Mini Bus (Penumpang 14 Orang ke bawah | D15: TOYOTA / Rush 1.5 MT / Station Wagon | F15: 1500 cc | G15: Besi | H15: 2015 | I15: 02.03.01.02.003 | J15: 1 | K15: 0004 | L15: 225990000 | M15: MHFE2C13JFK09 | O15: DA 783 AI / DA 16 A / DA 25 A | Q15: Kepala Badan
A16: =A15+1 | B16: Mini Bus (Penumpang 14 Orang ke bawah | D16: Suzuki/ Ertiga GX | F16: 1400 CC | G16: Besi | I16: 02.03.01.02.003 | J16: 1 | K16: 0005 | L16: 199204400 | M16: MHYKZE81SFJ25 | O16: DA 1250 IJ | Q16: Sekretaris
A17: =A16+1 | B17: Sepeda Motor | D17: TOYOTA / Rush 1.5 MT / Station Wagon | E17: MHIHB11164K30 | F17: 100 | G17: Besi | H17: 2004 | I17: 02.03.01.05.001 | J17: 1 | K17: 0001 | L17: 11500000 | M17: MHIHB11164K30 | O17: Da 2820 IZ | P17: Dihapu | Q17: Operasional
A18: =A17+1 | B18: Sepeda Motor | D18: Honda Supra Fit / NF 100 SLD | E18: MH1HB421X6K0994 | F18: 100 | G18: Besi Platik | H18: 2006 | I18: 02.03.01.05.001 | J18: 1 | K18: 0002 | L18: 12750000 | M18: MH1HB421X6K0994 | O18: DA 2215 IZ | P18: Dihapus | Q18: Operasional
A19: =A18+1 | B19: Sepeda Motor | D19: Suzuku Smash / FK 110 SDK6 | E19: MH8BE4DFA6J-1731 | F19: 110 | G19: Besi Platik | H19: 2006 | I19: 02.03.01.05.001 | J19: 1 | K19: 0003 | L19: 11525000 | M19: MH8BE4DFA6J-1731 | O19: DA 4056 IZ | P19: Dihapus | Q19: Opearsional
A20: =A19+1 | B20: Sepeda Motor | D20: Honda 125 / NF 125 SD | E20: MH1JB51186K87086 | F20: 125 | G20: Besi | H20: 2006 | I20: 02.03.01.05.001 | J20: 1 | K20: 0004 | L20: 29800000 | M20: MH1JB51186K87086 | O20: DA 2140 IZ | Q20: Kasubbid Bina Ideologi
A21: =A20+1 | B21: Sepeda Motor | D21: Honda 125 / NF 125 SD | E21: MH1JB51186K87086 | F21: 125 | G21: Besi | H21: 2006 | I21: 02.03.01.05.001 | J21: 1 | K21: 0005 | L21: 14900000 | M21: MH1JB51186K87086 | O21: DA 443 NF | P21: Dihapus | Q21: Tdk ada BPKB
A22: =A21+1 | B22: Sepeda Motor | D22: Suzuki New Smash / FK 110 SDKS | E22: MH8BE4DFA973 | F22: 110 | G22: Besi | H22: 2009 | I22: 02.03.01.05.001 | J22: 1 | K22: 0007 | L22: 11595000 | M22: MH8BE4DFA973 | O22: DA 4437 VA | Q22: Kepala Badan
A23: =A22+1 | B23: Sepeda Motor | D23: Suzuki TITAN/ FW 110 D | E23: MH8BE4DTADJ-1 | F23: 113 CC | G23: Besi | H23: 2012 | I23: 02.03.01.05.001 | J23: 1 | K23: 0008 | L23: 11059000 | M23: MH8BE4DTADJ-1 | O23: DA 4201 IZ | Q23: Kasubbid Wasbang
A24: =A23+1 | B24: Sepeda Motor | D24: Suzuki Axelo / FL 125 RCD1 | E24: MH8BF45SADJ-1 | F24: 125 CC | G24: Besi | H24: 2013 | I24: 02.03.01.05.001 | J24: 1 | K24: 0009 | L24: =30486720/2 | M24: MH8BF45SADJ-1 | O24: DA 4895 IZ | Q24: Kasubbid Penanganan Konflik
A25: =A24+1 | B25: Sepeda Motor | D25: Suzuki Axelo / FL 125 RCD1 | E25: MH8BF45SADJ-1 | F25: 125 CC | G25: Besi | H25: 2013 | I25: 02.03.01.05.001 | J25: 1 | K25: 0010 | L25: =30486720/2 | M25: MH8BF45SADJ-1 | O25: DA 4896 IZ | Q25: Kabid Hansenibud
A26: =A25+1 | B26: Sepeda Motor | D26: Honda Blade / AFP12W21C08 | E26: NH1JBM115FK08 | F26: 125 CC | G26: Besi | I26: 02.03.01.05.001 | J26: 1 | K26: 0011 | L26: =65071844/4 | M26: NH1JBM115FK08 | O26: DA 2123 NZ | Q26: Kasubbid Agama Ekantyasrini
A36: No. | B36: Nama Barang | D36: Merk/ | E36: Merk/ | F36: Ukuran | G36: Bahan | H36: Tahun | J36: Jumlah | L36: Harga | M36: Nomor
A37: Urut | B37: Jenis Barang | D37: Model | E37: Type | H37: Pembuatan | I37: No/. Kode Barang | J37: Banyaknya | K37: Nomor | L37: Beli/ | M37: Rangka | N37: Mesin | O37: Polisi | P37: BPKB | Q37: Pemegang
H38: Atau Pembelian | J38: Barang | K38: Register x) | L38: Perolehan
A39: 1 | B39: 2 | D39: 3 | E39: 4 | F39: 5 | G39: 6 | H39: 7 | I39: 8 | J39: 9 | K39: 10 | L39: 11 | M39: 12 | N39: 13 | O39: 14 | P39: 15 | Q39: 16
A40: =A26+1 | B40: Sepeda Motor | D40: Honda Blade / AFP12W21C08 | E40: NH1JBM115FK08 | F40: 125 CC | G40: Besi | I40: 02.03.01.05.001 | J40: 1 | K40: 0012 | L40: =65071844/4 | M40: NH1JBM115FK08 | O40: DA 2124 NZ | Q40: Kabid Politik
A41: =A40+1 | B41: Sepeda Motor | D41: Honda Blade / AFP12W21C08 | E41: NH1JBM115FK08 | F41: 125 CC | G41: Besi | I41: 02.03.01.05.001 | J41: 1 | K41: 0013 | L41: =65071844/4 | M41: NH1JBM115FK08 | O41: DA 2125 NZ | Q41: Kasubbid Was Dini, Pora & Lemb Asing
A42: =A41+1 | B42: Sepeda Motor | D42: Honda Blade / AFP12W21C08 | E42: NH1JBM115FK08 | F42: 125 CC | G42: Besi | I42: 02.03.01.05.001 | J42: 1 | K42: 0014 | L42: =65071844/4 | M42: NH1JBM115FK08 | O42: Da 2126 NZ | Q42: Kasubbid Imple Kebijakan & Pendidikan Politik
A43: =A42+1 | B43: Sepeda Motor | D43: Honda Supra X 125/ FICW | E43: MH1JBP111GK40 | F43: 125 CC | G43: Besi | I43: 02.03.01.05.001 | J43: 1 | K43: 0016 | L43: =34537624/2 | M43: MH1JBP111GK40 | O43: DA 2211 NZ | Q43: Kasubbag Keuangan
A44: =A43+1 | B44: Sepeda Motor | D44: Honda Supra X 125/ FICW | E44: MH1JBP111GK40 | F44: 125 CC | G44: Besi | I44: 02.03.01.05.001 | J44: 1 | K44: 0016 | L44: =34537624/2 | M44: MH1JBP111GK40 | O44: DA 2212 NZ | Q44: Kabid Bina Ideologi & Wasbang
C46: Mengetahui : | M46: Banjarmasin, Desember 2025
C48: Kepala Bakesbangpol Kota Banjarmasin, | M48: Pengurus Barang,
C52: Dr. H. LUKMAN FADLUN, SH, MH | M52: TRISNAWATI M ULYO HAPSARI, SE
C53: Pembina Utama Muda | M53: ='BARANG INVENTARIS KANTOR'!L54
C54: NIP. 19691013 200003 1 004

Sheet KENDARAAN BERDASARKAN KIB
G1: KARTU INVENTARIS RUANGAN | Q1: MODEL INV. 6
A3: Kab/Kota | C3: Kota Banjarmasin
A4: Propinsi | C4: Kalimantan Selatan
A5: Satuan Kerja | C5: Badan Kesatuan Bangsa dan Politik Kota Banjarmasin
A6: Ruangan | C6: KENDARAAN DINAS
A8: NO.KODE LOKASI :
A9: No. | B9: Nama Barang | D9: Merk/ | E9: Merk/ | F9: Ukuran | G9: Bahan | H9: Tahun | J9: Jumlah | L9: Harga | M9: Nomor
A10: Urut | B10: Jenis Barang | D10: Model | E10: Type | H10: Pembuatan | I10: No/. Kode Barang | J10: Banyaknya | K10: Nomor | L10: Beli/ | M10: Rangka | N10: Mesin | O10: Polisi | P10: BPKB | Q10: Pemegang
H11: Atau Pembelian | J11: Barang | K11: Register x) | L11: Perolehan
A12: 1 | B12: 2 | D12: 3 | E12: 4 | F12: 5 | G12: 6 | H12: 7 | I12: 8 | J12: 9 | K12: 10 | L12: 11 | M12: 12 | N12: 13 | O12: 14 | P12: 15 | Q12: 16
A13: 1 | B13: Mini Bus (Penumpang 14 Orang ke bawah | D13: TOYOTA / AVANZA 1500 S | E13: I-05815753 | F13: 1498 CC | G13: Besi | H13: 2012 | I13: 02.03.01.02.003 | J13: 1 | K13: 0002 | L13: 166673497 | O13: DA 826 AF | Q13: Operasional
A14: =A13+1 | B14: Mini Bus (Penumpang 14 Orang ke bawah | D14: TOYOTA / KF 70 biru metalik | E14: MHF11KF701003367 | F14: 1781 C | G14: Besi | H14: 2012 | I14: 02.03.01.02.003 | J14: 1 | K14: 0003 | L14: 120800000 | O14: DA 251 A | Q14: Opearsiona'
A15: =A14+1 | B15: Mini Bus (Penumpang 14 Orang ke bawah | D15: TOYOTA / Rush 1.5 MT / Station Wagon | E15: MHFE2CJ3JFK)9835 | F15: 1500 cc | G15: Besi | H15: 2015 | I15: 02.03.01.02.003 | J15: 1 | K15: 0004 | L15: 225990000 | O15: DA 783 AI / DA 16 A / DA 25 A | Q15: Kepala Badan
A16: =A15+1 | B16: Mini Bus (Penumpang 14 Orang ke bawah | D16: Suzuki/ Ertiga GX | F16: 1400 CC | G16: Besi | I16: 02.03.01.02.003 | J16: 1 | K16: 0005 | L16: 199204400 | O16: DA 1250 IJ | Q16: Sekretaris
A17: =A16+1 | B17: Sepeda Motor | D17: Honda Supra Fit / NF 100 L SLD | E17: MHIHB11164K30552 | F17: 100 | G17: Besi | H17: 2004 | I17: 02.03.01.05.001 | J17: 1 | K17: 0001 | L17: 11500000 | O17: Da 2820 IZ | P17: Dihapu | Q17: Operasional
A18: =A17+1 | B18: Sepeda Motor | D18: Honda Supra Fit / NF 100 SLD | E18: MH1HB421X6K0994 | F18: 100 | G18: Besi Platik | H18: 2006 | I18: 02.03.01.05.001 | J18: 1 | K18: 0002 | L18: 12750000 | M18: MH1HB421X6K0994 | O18: DA 2215 IZ | P18: Dihapus | Q18: Operasional
A19: =A18+1 | B19: Sepeda Motor | D19: Suzuku Smash / FK 110 SDK6 | E19: MH8BE4DFA6J-1731 | F19: 110 | G19: Besi Platik | H19: 2006 | I19: 02.03.01.05.001 | J19: 1 | K19: 0003 | L19: 11525000 | M19: MH8BE4DFA6J-1731 | O19: DA 4056 IZ | P19: Dihapus | Q19: Opearsional
A20: =A19+1 | B20: Sepeda Motor | D20: Honda 125 / NF 125 SD | E20: MH1JB51186K87086 | F20: 125 | G20: Besi | H20: 2006 | I20: 02.03.01.05.001 | J20: 1 | K20: 0004 | L20: 29800000 | M20: MH1JB51186K87086 | O20: DA 2140 IZ | Q20: Kasubbid Bina Ideologi
A21: =A20+1 | B21: Sepeda Motor | D21: Honda 125 / NF 125 SD | E21: MH1JB51186K87086 | F21: 125 | G21: Besi | H21: 2006 | I21: 02.03.01.05.001 | J21: 1 | K21: 0005 | L21: 14900000 | M21: MH1JB51186K87086 | O21: DA 443 NF | P21: Sdh dilelang 2019 | Q21: Tdk ada BPKB
A22: =A21+1 | B22: Sepeda Motor | D22: Suzuki New Smash / FK 110 SDKS | E22: MH8BE4DFA97J-716 | F22: 110 | G22: Besi | H22: 2009 | I22: 02.03.01.05.001 | J22: 1 | K22: 0007 | L22: 11595000 | O22: DA 4437 VA | Q22: Kepala Badan
A23: =A22+1 | B23: Sepeda Motor | D23: Suzuki TITAN/ FW 110 D | E23: MH8BE4DTABJ-1288 | F23: 113 CC | G23: Besi | H23: 2012 | I23: 02.03.01.05.001 | J23: 1 | K23: 0008 | L23: 11059000 | O23: DA 4201 IZ | Q23: Kasubbid Wasbang
A24: =A23+1 | B24: Sepeda Motor | D24: Suzuki Axelo / FL 125 RCD1 | E24: MH8BF45SADJ-1764 | F24: 125 CC | G24: Besi | H24: 2013 | I24: 02.03.01.05.001 | J24: 1 | K24: 0009 | L24: 15243360 | O24: DA 4895 IZ | Q24: Kasubbid Penanganan Konflik
A25: =A24+1 | B25: Sepeda Motor | D25: Suzuki Axelo / FL 125 RCD1764 | E25: MH8BF45SADJ-1 | F25: 125 CC | G25: Besi | H25: 2013 | I25: 02.03.01.05.001 | J25: 1 | K25: 0010 | L25: 15243360 | O25: DA 4896 IZ | Q25: Kabid Hansenibud
A26: =A25+1 | B26: Sepeda Motor | D26: Honda Blade / AFP12W21C08 | E26: MH1JBM117FK08134 | F26: 125 CC | G26: Besi | H26: 2015 | I26: 02.03.01.05.001 | J26: 1 | K26: 0011 | L26: 16267961 | O26: DA 2123 NZ | Q26: Kasubbid Agama Ekantyasrini
A36: No. | B36: Nama Barang | D36: Merk/ | E36: Merk/ | F36: Ukuran | G36: Bahan | H36: Tahun | J36: Jumlah | L36: Harga | M36: Nomor
A37: Urut | B37: Jenis Barang | D37: Model | E37: Type | H37: Pembuatan | I37: No/. Kode Barang | J37: Banyaknya | K37: Nomor | L37: Beli/ | M37: Rangka | N37: Mesin | O37: Polisi | P37: BPKB | Q37: Pemegang
H38: Atau Pembelian | J38: Barang | K38: Register x) | L38: Perolehan
A39: 1 | B39: 2 | D39: 3 | E39: 4 | F39: 5 | G39: 6 | H39: 7 | I39: 8 | J39: 9 | K39: 10 | L39: 11 | M39: 12 | N39: 13 | O39: 14 | P39: 15 | Q39: 16
A40: =A26+1 | B40: Sepeda Motor | D40: Honda Blade / AFP12W21C08 | E40: NH1JBM11XFK08132 | F40: 125 CC | G40: Besi | I40: 02.03.01.05.001 | J40: 1 | K40: 0012 | L40: =65071844/4 | O40: DA 2124 NZ | Q40: Kabid Politik
A41: =A40+1 | B41: Sepeda Motor | D41: Honda Blade / AFP12W21C08 | E41: NH1JBM115FK08130 | F41: 125 CC | G41: Besi | I41: 02.03.01.05.001 | J41: 1 | K41: 0013 | L41: =65071844/4 | O41: DA 2125 NZ | Q41: Kasubbid Was Dini, Pora & Lemb Asing
A42: =A41+1 | B42: Sepeda Motor | D42: Honda Blade / AFP12W21C08 | E42: MH1JBM115FK08136 | F42: 125 CC | G42: Besi | I42: 02.03.01.05.001 | J42: 1 | K42: 0014 | L42: =65071844/4 | O42: Da 2126 NZ | Q42: Kasubbid Imple Kebijakan & Pendidikan Politik
A43: =A42+1 | B43: Sepeda Motor | D43: Honda Supra X 125/ FI CW | E43: MH1JBP111GK40324 | F43: 125 CC | G43: Besi | I43: 02.03.01.05.001 | J43: 1 | K43: 0016 | L43: 17268812 | O43: DA 2211 NZ | Q43: Kasubbag Keuangan
A44: =A43+1 | B44: Sepeda Motor | D44: Honda Supra X 125/ FI CW | E44: MH1JBP111GK39617 | F44: 125 CC | G44: Besi | I44: 02.03.01.05.001 | J44: 1 | K44: 0016 | L44: 17268812 | O44: DA 2212 NZ | Q44: Kabid Bina Ideologi & Wasbang
C46: Mengetahui : | M46: Banjarmasin, Juli 2021
C48: Kepala Bakesbangpol Kota Banjarmasin, | M48: Pengurus Barang,
C52: Dr. H. LUKMAN FADLUN, SH, MH | M52: TRISNAWATI M ULYO HAPSARI, SE
C53: Pembina Utama Muda | M53: =KENDARAAN!M53
C54: NIP. 19691013 200003 1 004

Sheet BARANG YANG MASIH HARUS DICARI
G1: KARTU INVENTARIS RUANGAN | N1: MODEL INV. 6
A3: Kab/Kota | C3: Kota Banjarmasin
A4: Propinsi | C4: Kalimantan Selatan
A5: Satuan Kerja | C5: Badan Kesatuan Bangsa dan Politik Kota Banjarmasin
A6: Ruangan | C6: BARANG YANG MASIH HARUS DICARI
A8: NO.KODE LOKASI :
A9: No. | B9: Nama Barang | D9: Merk/ | E9: No. Seri | F9: Ukuran | G9: Bahan | H9: Tahun | J9: Jumlah | K9: Harga | L9: Keadaan Barang | O9: Keterangan
A10: Urut | B10: Jenis Barang | D10: Model | E10: Pabrik | H10: Pembuatan | I10: No/. Kode Barang | J10: Barang | K10: Beli/ | L10: Baik | M10: Kurang Baik | N10: Rusak Berat | O10: Mutasi dll
H11: Atau Pembelian | J11: Register x) | K11: Perolehan | L11: (B) | M11: (KB) | N11: (RB)
A12: 1 | B12: 2 | D12: 3 | E12: 4 | F12: 5 | G12: 6 | H12: 7 | I12: 8 | J12: 9 | K12: 10 | L12: 11 | M12: 12 | N12: 13 | O12: 14
A13: 1 | B13: Mesin Ketik Manual Standar (14-16) | D13: Deluxe / Deluxe M200 | G13: Besi | H13: 2009 | I13: 02.06.01.01.002 | J13: 0001 | K13: 850000 | L13: Baik
A14: =A13+1 | B14: Mesin Ketik Manual Standar (14-16) | D14: ROYAL / Express | F14: 13 inchi | G14: Besi | H14: 2013 | I14: 02.06.01.01.002 | J14: 0004 | K14: 1800000 | L14: Baik
A15: =A14+1 | B15: Alat Penghancur Kertas | D15: KRISBOW / 5340 PAPPER SHREDDER | G15: Besi | H15: 2019 | I15: 02.06.01.05.005 | J15: 0001 | K15: 1800000 | L15: Baik
A16: =A15+1 | B16: Papan Tulis | D16: Papan Data Nominatif / Buatan Lokal | G16: Papan | H16: 2010 | I16: 02.06.01.05.008 | J16: 0001 | K16: 1350000 | L16: Baik
A17: =A16+1 | B17: Overhead Projektor | D17: Toshiba / - Program / - | G17: Besi Plastik | H17: 2007 | I17: 02.06.01.05.028 | J17: 0001 | K17: 40850000 | M17: Kurang Baik
A18: =A17+1 | B18: Televisi | D18: LG Pearl Black / LG 21FU RL-T3 | G18: Besi Plastik | H18: 2009 | I18: 02.06.02.06.003 | J18: 0001 | K18: 2000000 | L18: Baik
A19: =A18+1 | B19: Televisi | D19: Toshiba / 32PB2 | F19: 32 inci | G19: Besi Plastik | H19: 2012 | I19: 02.06.02.06.003 | J19: 0002 | K19: 2890000 | L19: Baik
C22: Mengetahui : | L22: Banjarmasin, Juli 2021
C24: Kepala Bakesbangpol Kota Banjarmasin, | L24: Pengurus Barang,
C28: Dr. H. LUKMAN FADLUN, SH, MH | L28: TRISNAWATI M ULYO HAPSARI, SE
C29: Pembina Utama Muda | L29: ='KENDARAAN BERDASARKAN KIB'!M53
C30: NIP. 19691013 200003 1 004

Sheet BARANG YG DIHIBAHKAN
G1: KARTU INVENTARIS RUANGAN | N1: MODEL INV. 6
A3: Kab/Kota | C3: Kota Banjarmasin
A4: Propinsi | C4: Kalimantan Selatan
A5: Satuan Kerja | C5: Badan Kesatuan Bangsa dan Politik Kota Banjarmasin
A6: Ruangan | C6: BARANG MUTASI
A8: NO.KODE LOKASI :
A9: No. | B9: Nama Barang | D9: Merk/ | E9: No. Seri | F9: Ukuran | G9: Bahan | H9: Tahun | J9: Jumlah | K9: Harga | L9: Keadaan Barang | O9: Keterangan
A10: Urut | B10: Jenis Barang | D10: Model | E10: Pabrik | H10: Pembuatan | I10: No/. Kode Barang | J10: Barang | K10: Beli/ | L10: Baik | M10: Kurang Baik | N10: Rusak Berat | O10: Mutasi dll
H11: Atau Pembelian | J11: Register x) | K11: Perolehan | L11: (B) | M11: (KB) | N11: (RB)
A12: 1 | B12: 2 | D12: 3 | E12: 4 | F12: 5 | G12: 6 | H12: 7 | I12: 8 | J12: 9 | K12: 10 | L12: 11 | M12: 12 | N12: 13 | O12: 14
A13: 1 | B13: Lemari Kayu | D13: Buatan Lokal / kayu kaca | G13: Buatan Lokal / kayu kaca | H13: 2000 | I13: 02.06.01.04.014 | J13: 0011 | K13: 350000 | L13: Baik | O13: Mutasi Ke Bagian Kesra
A14: =A13+1 | B14: Alat Pembantu Pemadam Kebakaran | D14: FIREFORT- POWDER FP.40/ Tabung Pemadam Kebakaran | G14: Besi | H14: 2012 | I14: 02.06.02.07.016 | J14: 0001 | K14: 895000 | L14: Baik | O14: Milik Bagian Umum Setda
C16: Mengetahui : | L16: Banjarmasin, Desember 2025
C18: Kepala Bakesbangpol Kota Banjarmasin, | L18: Pengurus Barang,
C22: Dr. H. LUKMAN FADLUN, SH, MH | L22: TRISNAWATI M ULYO HAPSARI, SE
C23: Pembina Utama Muda | L23: ='BARANG YANG MASIH HARUS DICARI'!L29
C24: NIP. 19691013 200003 1 004

Sheet BARANG BARU (BELUM TERPETAKAN)
A1: No | B1: Nama Barang | C1: Merek/Model | D1: Tahun | E1: Harga | F1: Keterangan
A2: 1 | B2: 2 | C2: 7 | D2: 16 | E2: 13 | F2: Barang baru dari BMD 2026 yang belum ada di KIR
A3: 2 | B3: Mini Bus ( Penumpang 14 Orang Kebawah ) | C3: Merk: Suzuki Tipe: 48602 | D3: 2012 | E3: 169086308 | F3: Barang baru dari BMD 2026 yang belum ada di KIR
A4: 3 | B4: Mini Bus ( Penumpang 14 Orang Kebawah ) | C4: Merk: TOYOTA Tipe: 48604 | D4: 2012 | E4: 166673497 | F4: Barang baru dari BMD 2026 yang belum ada di KIR
A5: 4 | B5: Mini Bus ( Penumpang 14 Orang Kebawah ) | C5: Merk: Suzuki Tipe: 48603 | D5: 2015 | E5: 199204400 | F5: Barang baru dari BMD 2026 yang belum ada di KIR
A6: 5 | B6: Sepeda Motor | C6: Merk: Honda 125 Tipe: 48606 | D6: 2006 | E6: 14900000 | F6: Barang baru dari BMD 2026 yang belum ada di KIR
A7: 6 | B7: Sepeda Motor | C7: Merk: Suzuki New Smash Tipe: 48607 | D7: 2009 | E7: 11595000 | F7: Barang baru dari BMD 2026 yang belum ada di KIR
A8: 7 | B8: Sepeda Motor | C8: Merk: Suzuki TITAN Tipe: 48608 | D8: 2012 | E8: 11059000 | F8: Barang baru dari BMD 2026 yang belum ada di KIR
A9: 8 | B9: Sepeda Motor | C9: Merk: Suzuki AXELO Tipe: 48609 | D9: 2013 | E9: 15243360 | F9: Barang baru dari BMD 2026 yang belum ada di KIR
A10: 9 | B10: Sepeda Motor | C10: Merk: Suzuki AXELO Tipe: 48610 | D10: 2013 | E10: 15243360 | F10: Barang baru dari BMD 2026 yang belum ada di KIR
A11: 10 | B11: Sepeda Motor | C11: Merk: Honda Blade Tipe: 48611 | D11: 2015 | E11: 16267961 | F11: Barang baru dari BMD 2026 yang belum ada di KIR
A12: 11 | B12: Sepeda Motor | C12: Merk: Honda Blade Tipe: 48612 | D12: 2015 | E12: 16267961 | F12: Barang baru dari BMD 2026 yang belum ada di KIR
A13: 12 | B13: Sepeda Motor | C13: Merk: Honda Blade Tipe: 48613 | D13: 2015 | E13: 16267961 | F13: Barang baru dari BMD 2026 yang belum ada di KIR
... A94: 93 | B94: Kursi Putar | C94: Merk: Indachi Tipe: 48679 | D94: 2014 | E94: 794179 | F94: Barang baru dari BMD 2026 yang belum ada di KIR
A95: 94 | B95: Kursi Putar | D95: 2025 | E95: 1454450 | F95: Barang baru dari BMD 2026 yang belum ada di KIR
A96: 95 | B96: Kursi Putar | D96: 2025 | E96: 1454450 | F96: Barang baru dari BMD 2026 yang belum ada di KIR
A97: 96 | B97: Kursi Putar | D97: 2025 | E97: 1454450 | F97: Barang baru dari BMD 2026 yang belum ada di KIR
A98: 97 | B98: Kursi Putar | D98: 2025 | E98: 1454450 | F98: Barang baru dari BMD 2026 yang belum ada di KIR
A99: 98 | B99: Kursi Putar | D99: 2025 | E99: 1454450 | F99: Barang baru dari BMD 2026 yang belum ada di KIR
A100: 99 | B100: Kursi Putar | D100: 2025 | E100: 1454450 | F100: Barang baru dari BMD 2026 yang belum ada di KIR
A101: 100 | B101: Kursi Putar | D101: 2025 | E101: 1454450 | F101: Barang baru dari BMD 2026 yang belum ada di KIR
A102: 101 | B102: Kursi Putar | D102: 2025 | E102: 1454450 | F102: Barang baru dari BMD 2026 yang belum ada di KIR
A103: 102 | B103: Kursi Putar | D103: 2025 | E103: 1454450 | F103: Barang baru dari BMD 2026 yang belum ada di KIR
A104: 103 | B104: Kursi Putar | D104: 2025 | E104: 1454450 | F104: Barang baru dari BMD 2026 yang belum ada di KIR
A105: 104 | B105: Kursi Putar | D105: 2025 | E105: 1454450 | F105: Barang baru dari BMD 2026 yang belum ada di KIR
A106: 105 | B106: Kursi Putar | D106: 2025 | E106: 1454450 | F106: Barang baru dari BMD 2026 yang belum ada di KIR
... A108: 107 | B108: Kursi Putar | D108: 2025 | E108: 1454445 | F108: Barang baru dari BMD 2026 yang belum ada di KIR
A109: 108 | B109: Kursi Lipat | C109: Merk: MATRIX Tipe: 48758 | D109: 2018 | E109: 333232 | F109: Barang baru dari BMD 2026 yang belum ada di KIR
A110: 109 | B110: Kursi Lipat | C110: Merk: MATRIX Tipe: 48759 | D110: 2018 | E110: 333232 | F110: Barang baru dari BMD 2026 yang belum ada di KIR
A111: 110 | B111: Kursi Lipat | C111: Merk: MATRIX Tipe: 48760 | D111: 2018 | E111: 333232 | F111: Barang baru dari BMD 2026 yang belum ada di KIR
A112: 111 | B112: Kursi Lipat | C112: Merk: MATRIX Tipe: 48761 | D112: 2018 | E112: 333232 | F112: Barang baru dari BMD 2026 yang belum ada di KIR
A113: 112 | B113: Kursi Lipat | C113: Merk: MATRIX Tipe: 48762 | D113: 2018 | E113: 333232 | F113: Barang baru dari BMD 2026 yang belum ada di KIR
A114: 113 | B114: Kursi Lipat | C114: Merk: MATRIX Tipe: 48763 | D114: 2018 | E114: 333232 | F114: Barang baru dari BMD 2026 yang belum ada di KIR
A115: 114 | B115: Meja Komputer | C115: Merk: Olympic Tipe: 0 | D115: 2006 | E115: 154000 | F115: Barang baru dari BMD 2026 yang belum ada di KIR
A116: 115 | B116: Meja Komputer | C116: Merk: AZTEC Tipe: 48680 | D116: 2013 | E116: 588424.11 | F116: Barang baru dari BMD 2026 yang belum ada di KIR
A117: 116 | B117: Sofa | C117: Merk: 3.2.1 In Frame IF 007 hitam Tipe: 48681 | D117: 2013 | E117: 9384350 | F117: Barang baru dari BMD 2026 yang belum ada di KIR
A118: 117 | B118: Sofa | D118: 2025 | E118: 6382500 | F118: Barang baru dari BMD 2026 yang belum ada di KIR
A119: 118 | B119: Sofa | C119: Merk: Informa Tipe: Sofa minimalis 2 dudukan bahan PVC | D119: 2025 | E119: 6382500 | F119: Barang baru dari BMD 2026 yang belum ada di KIR
A120: 119 | B120: Lemari Es | C120: Merk: LG Tipe: 48683 | D120: 2011 | E120: 14700000 | F120: Barang baru dari BMD 2026 yang belum ada di KIR
A121: 120 | B121: A.C. Split | C121: Merk: Samsung Tipe: 48684 | D121: 2013 | E121: 4150000 | F121: Barang baru dari BMD 2026 yang belum ada di KIR
A122: 121 | B122: A.C. Split | C122: Merk: Samsung Tipe: 48685 | D122: 2014 | E122: 4916358 | F122: Barang baru dari BMD 2026 yang belum ada di KIR
A123: 122 | B123: A.C. Split | C123: Merk: DAIKIN Tipe: 48727 | D123: 2016 | E123: 5000000 | F123: Barang baru dari BMD 2026 yang belum ada di KIR
A124: 123 | B124: A.C. Split | C124: Merk: DAIKIN Tipe: 48728 | D124: 2016 | E124: 5000000 | F124: Barang baru dari BMD 2026 yang belum ada di KIR
A125: 124 | B125: A.C. Split | C125: Merk: DAIKIN Tipe: 48743 | D125: 2018 | E125: 5009175 | F125: Barang baru dari BMD 2026 yang belum ada di KIR
A126: 125 | B126: A.C. Split | C126: Merk: DAIKIN Tipe: 48773 | D126: 2019 | E126: 5033356 | F126: Barang baru dari BMD 2026 yang belum ada di KIR
A127: 126 | B127: A.C. Split | C127: Merk: Daikin Tipe: 48787 | D127: 2020 | E127: 8165927 | F127: Barang baru dari BMD 2026 yang belum ada di KIR
A128: 127 | B128: A.C. Split | C128: Merk: Daikin Tipe: 48788 | D128: 2020 | E128: 8165927 | F128: Barang baru dari BMD 2026 yang belum ada di KIR
A129: 128 | B129: A.C. Split | C129: Merk: Daikin Tipe: 48789 | D129: 2020 | E129: 8165927 | F129: Barang baru dari BMD 2026 yang belum ada di KIR
A130: 129 | B130: A.C. Split | C130: Merk: Daikin Tipe: 48790 | D130: 2020 | E130: 8165927 | F130: Barang baru dari BMD 2026 yang belum ada di KIR
... A167: 166 | B167: Kursi Kerja Pejabat Eselon III | C167: Merk: INDACHI Tipe: 48749 | D167: 2018 | E167: 1969099 | F167: Barang baru dari BMD 2026 yang belum ada di KIR
A168: 167 | B168: Kursi Kerja Pejabat Eselon III | D168: 2024 | E168: 2000000 | F168: Barang baru dari BMD 2026 yang belum ada di KIR
A169: 168 | B169: Kursi Kerja Pejabat Eselon IV | C169: Merk: Indachi D 800 Tipe: 48713 | D169: 2010 | E169: 942500 | F169: Barang baru dari BMD 2026 yang belum ada di KIR
A170: 169 | B170: Kursi Kerja Pejabat Eselon IV | C170: Merk: TIGER T98 AH Tipe: 48712 | D170: 2011 | E170: 585000 | F170: Barang baru dari BMD 2026 yang belum ada di KIR
A171: 170 | B171: Kursi Kerja Pejabat Eselon IV | C171: Merk: Indachi D 821 CR Tipe: 48721 | D171: 2016 | E171: 2181159 | F171: Barang baru dari BMD 2026 yang belum ada di KIR
A172: 171 | B172: Kursi Kerja Pejabat Eselon IV | C172: Merk: Indachi D 821 CR Tipe: 48723 | D172: 2016 | E172: 2181159 | F172: Barang baru dari BMD 2026 yang belum ada di KIR
A173: 172 | B173: Kursi Kerja Pejabat Eselon IV | C173: Merk: BROTHER BG 510 AN Tipe: 48735 | D173: 2017 | E173: 1066031 | F173: Barang baru dari BMD 2026 yang belum ada di KIR
A174: 173 | B174: Kursi Kerja Pejabat Lain-Lain | C174: Merk: Indachi D-980 Tipe: 48848 | D174: 2023 | E174: 1250000 | F174: Barang baru dari BMD 2026 yang belum ada di KIR
A175: 174 | B175: Kursi Rapat Ruangan Rapat Pejabat Eselon III | C175: Merk: Matrix KSS - 01 Tipe: 0 | D175: 2020 | E175: 315616 | F175: Barang baru dari BMD 2026 yang belum ada di KIR
A176: 175 | B176: Kursi Rapat Ruangan Rapat Pejabat Eselon III | C176: Merk: Matrix KSS - 01 Tipe: 0 | D176: 2020 | E176: 315616 | F176: Barang baru dari BMD 2026 yang belum ada di KIR
A177: 176 | B177: Kursi Rapat Ruangan Rapat Pejabat Eselon III | C177: Merk: Matrix KSS - 01 Tipe: 0 | D177: 2020 | E177: 315616 | F177: Barang baru dari BMD 2026 yang belum ada di KIR
A178: 177 | B178: Kursi Rapat Ruangan Rapat Pejabat Eselon III | C178: Merk: Matrix KSS - 01 Tipe: 0 | D178: 2020 | E178: 315616 | F178: Barang baru dari BMD 2026 yang belum ada di KIR
A179: 178 | B179: Kursi Rapat Ruangan Rapat Pejabat Eselon III | C179: Merk: Matrix KSS - 01 Tipe: 0 | D179: 2020 | E179: 315616 | F179: Barang baru dari BMD 2026 yang belum ada di KIR
A180: 179 | B180: Kursi Rapat Ruangan Rapat Pejabat Eselon III | C180: Merk: Matrix KSS - 01 Tipe: 0 | D180: 2020 | E180: 315616 | F180: Barang baru dari BMD 2026 yang belum ada di KIR
... A230: 229 | B230: P.C Unit | C230: Merk: Acer Tipe: All in one Veriton Z4 | D230: 2024 | E230: 24700000 | F230: Barang baru dari BMD 2026 yang belum ada di KIR
A231: 230 | B231: P.C Unit | D231: 2024 | E231: 24700000 | F231: Barang baru dari BMD 2026 yang belum ada di KIR
A232: 231 | B232: P.C Unit | D232: 2025 | E232: 22550000 | F232: Barang baru dari BMD 2026 yang belum ada di KIR
A233: 232 | B233: Lap Top | C233: Merk: Thosiba Tipe: 48694 | D233: 2009 | E233: 13000000 | F233: Barang baru dari BMD 2026 yang belum ada di KIR
A234: 233 | B234: Lap Top | C234: Merk: Lenovo Tipe: 48695 | D234: 2014 | E234: 7809160 | F234: Barang baru dari BMD 2026 yang belum ada di KIR
A235: 234 | B235: Lap Top | C235: Merk: Lenovo Tipe: 48696 | D235: 2014 | E235: 7809161 | F235: Barang baru dari BMD 2026 yang belum ada di KIR
A236: 235 | B236: Lap Top | C236: Merk: Asus Tipe: 48697 | D236: 2015 | E236: 6930263 | F236: Barang baru dari BMD 2026 yang belum ada di KIR
A237: 236 | B237: Lap Top | C237: Merk: Asus Tipe: 48698 | D237: 2015 | E237: 6930263 | F237: Barang baru dari BMD 2026 yang belum ada di KIR
A238: 237 | B238: Lap Top | C238: Merk: Asus Tipe: 48699 | D238: 2015 | E238: 6930263 | F238: Barang baru dari BMD 2026 yang belum ada di KIR
A239: 238 | B239: Lap Top | C239: Merk: Asus Tipe: 48700 | D239: 2015 | E239: 6930263 | F239: Barang baru dari BMD 2026 yang belum ada di KIR
A240: 239 | B240: Lap Top | C240: Merk: DEL INSPIRON Tipe: 48729 | D240: 2016 | E240: 6650000 | F240: Barang baru dari BMD 2026 yang belum ada di KIR
A241: 240 | B241: Lap Top | C241: Merk: ASUS Tipe: 48744 | D241: 2018 | E241: 7063443 | F241: Barang baru dari BMD 2026 yang belum ada di KIR
A242: 241 | B242: Lap Top | C242: Merk: ASUS Tipe: 48764 | D242: 2019 | E242: 6795775 | F242: Barang baru dari BMD 2026 yang belum ada di KIR
A243: 242 | B243: Lap Top | C243: Merk: Asus Expertboox Tipe: 48780 | D243: 2020 | E243: 18029142 | F243: Barang baru dari BMD 2026 yang belum ada di KIR
A244: 243 | B244: Lap Top | C244: Merk: Asus Expertboox Tipe: 48781 | D244: 2020 | E244: 18029142 | F244: Barang baru dari BMD 2026 yang belum ada di KIR
... A252: 251 | B252: Lap Top | C252: Merk: Acer Tipe: Travelmate P214 Core i5 | D252: 2024 | E252: 14200000 | F252: Barang baru dari BMD 2026 yang belum ada di KIR
A253: 252 | B253: Lap Top | D253: 2024 | E253: 14200000 | F253: Barang baru dari BMD 2026 yang belum ada di KIR
A254: 253 | B254: Lap Top | D254: 2025 | E254: 19497772 | F254: Barang baru dari BMD 2026 yang belum ada di KIR
A255: 254 | B255: Tablet PC | C255: Merk: Samsung Tipe: Galaxy Tab A9 4/64 GB | D255: 2024 | E255: 2800000 | F255: Barang baru dari BMD 2026 yang belum ada di KIR
A256: 255 | B256: Printer (Peralatan Personal Komputer) | C256: Merk: EPSON Tipe: 48730 | D256: 2016 | E256: 2000000 | F256: Barang baru dari BMD 2026 yang belum ada di KIR
A257: 256 | B257: Printer (Peralatan Personal Komputer) | C257: Merk: EPSON Tipe: 48731 | D257: 2016 | E257: 2000000 | F257: Barang baru dari BMD 2026 yang belum ada di KIR
A258: 257 | B258: Printer (Peralatan Personal Komputer) | C258: Merk: EPSON Tipe: 48717 | D258: 2016 | E258: 3142612 | F258: Barang baru dari BMD 2026 yang belum ada di KIR
A259: 258 | B259: Printer (Peralatan Personal Komputer) | C259: Merk: EPSON Tipe: 48718 | D259: 2016 | E259: 3142612 | F259: Barang baru dari BMD 2026 yang belum ada di KIR
A260: 259 | B260: Printer (Peralatan Personal Komputer) | C260: Merk: EPSON Tipe: 48742 | D260: 2017 | E260: 2173757 | F260: Barang baru dari BMD 2026 yang belum ada di KIR
A261: 260 | B261: Printer (Peralatan Personal Komputer) | C261: Merk: EPSON Tipe: 48745 | D261: 2018 | E261: 2428691 | F261: Barang baru dari BMD 2026 yang belum ada di KIR
A262: 261 | B262: Printer (Peralatan Personal Komputer) | C262: Merk: EPSON Tipe: 48746 | D262: 2018 | E262: 2428691 | F262: Barang baru dari BMD 2026 yang belum ada di KIR
A263: 262 | B263: Printer (Peralatan Personal Komputer) | C263: Merk: BROTHER Tipe: 48768 | D263: 2019 | E263: 11056905 | F263: Barang baru dari BMD 2026 yang belum ada di KIR
A264: 263 | B264: Printer (Peralatan Personal Komputer) | C264: Merk: EPSON Tipe: 48769 | D264: 2019 | E264: 2512933 | F264: Barang baru dari BMD 2026 yang belum ada di KIR
A265: 264 | B265: Printer (Peralatan Personal Komputer) | C265: Merk: EPSON Tipe: 48770 | D265: 2019 | E265: 2512933 | F265: Barang baru dari BMD 2026 yang belum ada di KIR
A266: 265 | B266: Printer (Peralatan Personal Komputer) | C266: Merk: Epson ECO Tank L3110N Tipe: 48779 | D266: 2020 | E266: 2783951 | F266: Barang baru dari BMD 2026 yang belum ada di KIR
... A276: 275 | B276: Printer (Peralatan Personal Komputer) | C276: Merk: Epson Tipe: L15150 A3 | D276: 2024 | E276: 21500000 | F276: Barang baru dari BMD 2026 yang belum ada di KIR
A277: 276 | B277: Printer (Peralatan Personal Komputer) | D277: 2025 | E277: 4250000 | F277: Barang baru dari BMD 2026 yang belum ada di KIR
A278: 277 | B278: Printer (Peralatan Personal Komputer) | D278: 2025 | E278: 4234650 | F278: Barang baru dari BMD 2026 yang belum ada di KIR
A279: 278 | B279: External/ Portable Hardisk | C279: Merk: Exspansion Tipe: 48835 | D279: 2022 | E279: 1750000 | F279: Barang baru dari BMD 2026 yang belum ada di KIR
A280: 279 | B280: External/ Portable Hardisk | C280: Merk: Exspansion Tipe: 48836 | D280: 2022 | E280: 1750000 | F280: Barang baru dari BMD 2026 yang belum ada di KIR
A281: 280 | B281: External/ Portable Hardisk | C281: Merk: Exspansion Tipe: 48837 | D281: 2022 | E281: 1750000 | F281: Barang baru dari BMD 2026 yang belum ada di KIR
A282: 281 | B282: External/ Portable Hardisk | C282: Merk: Exspansion Tipe: 48838 | D282: 2022 | E282: 1750000 | F282: Barang baru dari BMD 2026 yang belum ada di KIR
...
